款,項,目,節,説明,R7,R8
市税,,,,,48352500,49286300
,市民税,,,,18420900,18719000
,,個人,,,15840700,16203500
,,,現年課税分,,,16084000
,,,,現年課税分,,16084000
,,,,均等割（調定見込額 404000*98.9%）,,399000
,,,,所得割（調定見込額 15860000*98.9%）,,15685000
,,,滞納繰越分,,,119500
,,,,滞納繰越分（調定見込額 378200*31.6%）,,119500
,,法人,,,2580200,2515500
,,,現年課税分,,,2513000
,,,,現年課税分,,2513000
,,,,均等割（調定見込額 787000*99.8%）,,785000
,,,,法人税割（調定見込額 1732000*99.8%）,,1728000
,,,滞納繰越分,,,2500
,,,,滞納繰越分（調定見込額 17800*14.6%）,,2500
,固定資産税,,,,23235700,23861300
,,固定資産税,,,23180700,23806300
,,,現年課税分,,,23743000
,,,,現年課税分,,23743000
,,,,土地（調定見込額 8178000*99.6%）,,8145000
,,,,家屋（調定見込額 9041000*99.6%）,,9004000
,,,,償却資産（調定見込額 6621000*99.6%）,,6594000
,,,滞納繰越分,,,63300
,,,,滞納繰越分（調定見込額 220000*28.8%）,,63300
,,国有資産等所在市町村交付金,,,55000,55000
,,,現年課税分,,,55000
,,,,交付金（算定標準額 3966000*1.4%）,,55000
,軽自動車税,,,,941600,896700
,,環境性能割,,,85000,18000
,,,環境性能割,,,18000
,,,,環境性能割,,18000
,,種別割,,,856600,878700
,,,現年課税分,,,872000
,,,,現年課税分（調定見込額 883000*98.8%）,,872000
,,,滞納繰越分,,,6700
,,,,滞納繰越分（調定見込額 26300*25.5%）,,6700
,市たばこ税,,,,1979000,2001000
,,市たばこ税,,,1979000,2001000
,,,現年課税分,,,2001000
,,,,従量割,,2001000
,都市計画税,,,,3775200,3808300
,,都市計画税,,,3775200,3808300
,,,現年課税分,,,3798000
,,,,現年課税分,,3798000
,,,,土地（調定見込額 2053000*99.6%）,,2044000
,,,,家屋（調定見込額 1762000*99.6%）,,1754000
,,,滞納繰越分,,,10300
,,,,滞納繰越分（調定見込額 35800*28.8%）,,10300
地方譲与税,,,,,680000,685000
,地方揮発油譲与税,,,,140000,120000
,,地方揮発油譲与税,,,140000,120000
,,,地方揮発油譲与税,,,120000
,,,,地方揮発油譲与税,,120000
,自動車重量譲与税,,,,450000,480000
,,自動車重量譲与税,,,450000,480000
,,,自動車重量譲与税,,,480000
,,,,自動車重量譲与税（備考 自動車重量税収入額の407/1000相当額）,,480000
,森林環境譲与税,,,,80000,78000
,,森林環境譲与税,,,80000,78000
,,,森林環境譲与税,,,78000
,,,,森林環境譲与税,,78000
,特別とん譲与税,,,,10000,7000
,,特別とん譲与税,,,10000,7000
,,,特別とん譲与税,,,7000
,,,,特別とん譲与税（備考 入港外国貿易船純トン数当たり20円）,,7000
利子割交付金,,,,,22000,100000
,利子割交付金,,,,22000,100000
,,利子割交付金,,,22000,100000
,,,利子割交付金,,,100000
,,,,利子割交付金（備考 交付率3/5）,,100000
配当割交付金,,,,,350000,380000
,配当割交付金,,,,350000,380000
,,配当割交付金,,,350000,380000
,,,配当割交付金,,,380000
,,,,配当割交付金（備考 交付率3/5）,,380000
株式等譲渡所得割交付金,,,,,500000,700000
,株式等譲渡所得割交付金,,,,500000,700000
,,株式等譲渡所得割交付金,,,500000,700000
,,,株式等譲渡所得割交付金,,,700000
,,,,株式等譲渡所得割交付金（備考 交付率3/5）,,700000
法人事業税交付金,,,,,700000,770000
,法人事業税交付金,,,,700000,770000
,,法人事業税交付金,,,700000,770000
,,,法人事業税交付金,,,770000
,,,,法人事業税交付金（備考 交付率7.7/100）,,770000
地方消費税交付金,,,,,7000000,7800000
,地方消費税交付金,,,,7000000,7800000
,,地方消費税交付金,,,7000000,7800000
,,,地方消費税交付金,,,7800000
,,,,地方消費税交付金（備考 交付率1/2）,,7800000
ゴルフ場利用税交付金,,,,,60000,60000
,ゴルフ場利用税交付金,,,,60000,60000
,,ゴルフ場利用税交付金,,,60000,60000
,,,ゴルフ場利用税交付金,,,60000
,,,,ゴルフ場利用税交付金（備考 交付率7/10、大富士ゴルフ場外2ゴルフ場）,,60000
環境性能割交付金,,,,,110000,2000
,環境性能割交付金,,,,110000,2000
,,環境性能割交付金,,,110000,2000
,,,環境性能割交付金,,,2000
,,,,環境性能割交付金（備考 交付率43/100）,,2000
地方特例交付金,,,,,312000,458000
,地方特例交付金,,,,286000,453000
,,地方特例交付金,,,286000,453000
,,,地方特例交付金,,,453000
,,,,地方特例交付金,,453000
,,,,住宅借入金等特別税額控除減収補填分,,249000
,,,,地方揮発油譲与税減収補填分,,20000
,,,,自動車税減収補填分,,108000
,,,,軽自動車税減収補填分,,76000
,新型コロナウイルス感染症対策地方税減収補填特別交付金,,,,26000,5000
,,新型コロナウイルス感染症対策地方税減収補填特別交付金,,,26000,5000
,,,新型コロナウイルス感染症対策地方税減収補填特別交付金,,,5000
,,,,新型コロナウイルス感染症対策地方税減収補填特別交付金,,5000
地方交付税,,,,,200000,200000
,地方交付税,,,,200000,200000
,,地方交付税,,,200000,200000
,,,地方交付税,,,200000
,,,,特別交付税,,200000
交通安全対策特別交付金,,,,,40000,40000
,交通安全対策特別交付金,,,,40000,40000
,,交通安全対策特別交付金,,,40000,40000
,,,交通安全対策特別交付金,,,40000
,,,,交通安全対策特別交付金（調定見込額 交付率 1/3）,,40000
分担金及び負担金,,,,,898210,1673555
,負担金,,,,898210,1673555
,,総務費負担金,,,88354,107509
,,,総務管理費負担金,,,107509
,,,,健康管理費企業会計負担金,,18348
,,,,福利厚生費企業会計負担金,,532
,,,,情報公開費企業会計負担金,,396
,,,,会計事務費企業会計等負担金,,929
,,,,契約管理費企業会計負担金,,15320
,,,,工事検査費企業会計等負担金,,9800
,,,,情報化推進費企業会計等負担金,,48290
,,,,共同電算事業費企業会計等負担金,,13893
,,,,公平委員会共同設置運営費負担金,,1
,,民生費負担金,,,279204,297543
,,,老人福祉費負担金,,,47237
,,,,シルバーハウジング入居者負担金,,645
,,,,緊急保護措置利用者負担金,,100
,,,,養護老人ホーム入所者及び扶養義務者負担金（調定見込額 50848円*72人*12月）,,43932
,,,,生きがいデイサービス事業利用者負担金,,2560
,,,児童福祉費負担金,,,245780
,,,,未熟児養育医療費負担金,,2000
,,,,保育児童扶養義務者負担金（調定見込額 私立分(536人)169017+私立委託分(13人)4199+過年度分3712）,,176928
,,,,保育児童扶養義務者負担金（平日食事分）,,43663
,,,,保育児童扶養義務者負担金（土曜日食事分）,,994
,,,,保育児童扶養義務者負担金（家庭的保育事業）,,5983
,,,,保育児童受託分負担金,,14982
,,,,日本スポーツ振興センター災害共済掛金保護者負担金,,293
,,,,一時預かり保育料（食事分）,,656
,,,,乳児等通園支援児童扶養義務者負担金（食事分）,,281
,,,障害者福祉費負担金,,,4526
,,,,ふじやま学園日中一時支援事業保護者負担金,,735
,,,,ふじやま学園短期入所保護者負担金,,974
,,,,ふじやま学園施設入所保護者負担金,,892
,,,,こども発達センター利用者負担金,,1925
,,衛生費負担金,,,452198,468197
,,,保健衛生費負担金,,,34010
,,,,簡易水道統合推進事業費企業会計負担金,,372
,,,,看護専門学校運営費負担金,,33638
,,,環境対策費負担金,,,434187
,,,,富士・愛鷹山麓地域保全措置負担金,,10000
,,,,環境再生保全機構負担金（調定見込額 補償給付費418512*10/10+福祉事業費2182*3/4+健康被害予防事業費4039*10/10）,,424187
,,土木費負担金,,,7527,4663
,,,土木管理費負担金,,,2054
,,,,工事設計監理費企業会計負担金,,2054
,,,道路橋梁費負担金,,,2609
,,,,土木積算システム企業会計等負担金,,2609
,,消防費負担金,,,49992,777339
,,,消防費負担金,,,777339
,,,,消防指令センター運営事業費負担金,,777339
,,教育費負担金,,,20935,18304
,,,幼稚園費負担金,,,9482
,,,,幼稚園児扶養義務者負担金（食事分）,,7335
,,,,幼稚園保育児童受託分負担金,,2046
,,,,預かり保育料（食事分）,,101
,,,体育保健費負担金,,,8822
,,,,日本スポーツ振興センター災害共済掛金保護者負担金（調定見込額 小学校4891+中学校2629+市立高校1251+幼稚園51）,,8822
使用料及び手数料,,,,,1305446,1274952
,使用料,,,,876102,869037
,,総務使用料,,,1300,946
,,,総務管理使用料,,,946
,,,,まちづくりセンター使用料,,500
,,,,市有建物使用料,,446
,,民生使用料,,,139550,137190
,,,児童福祉使用料,,,137190
,,,,保育園等保育料（調定見込額 保育園公立分(336人)105846+認定こども園公立分(44人)13831+小規模保育事業所公立分(37人)11731+公立受託分(2人)630）,,132038
,,,,延長保育料,,1328
,,,,一時預かり保育料,,3011
,,,,乳児等通園支援保育料,,813
,,衛生使用料,,,110239,105966
,,,保健衛生使用料,,,79491
,,,,墓所使用料,,24750
,,,,墓所管理料,,28587
,,,,斎場使用料,,3240
,,,,斎場産汚物焼却料,,297
,,,,斎場霊柩車使用料,,5600
,,,,斎場施設使用料,,169
,,,,看護専門学校授業料,,16848
,,,清掃使用料,,,26475
,,,,中野台下水処理施設使用料,,24276
,,,,市有土地使用料,,2199
,,農林水産業使用料,,,72,49
,,,林業使用料,,,49
,,,,休養林キャンプ場使用料,,49
,,商工使用料,,,604,618
,,,商工使用料,,,618
,,,,市有建物使用料,,618
,,土木使用料,,,519173,517831
,,,道路橋梁使用料,,,135170
,,,,市道占用料,,135170
,,,河川使用料,,,25010
,,,,河川流水占用料,,157
,,,,河川敷地占用料,,24699
,,,,都市下水路占用料,,154
,,,都市計画使用料,,,1650
,,,,市有土地使用料,,1650
,,,公園使用料,,,6501
,,,,公園占用料,,1161
,,,,公園使用料,,531
,,,,市有土地使用料,,4809
,,,住宅使用料,,,349500
,,,,市営住宅使用料（調定見込額 管理戸数23団地2175戸）,,323294
,,,,市営住宅汚水処理施設使用料,,958
,,,,市営住宅駐車場使用料,,25247
,,,,市有土地使用料,,1
,,消防使用料,,,420,417
,,,消防使用料,,,417
,,,,市有土地使用料,,417
,,教育使用料,,,104744,106020
,,,高等学校使用料,,,87199
,,,,高等学校授業料（調定見込額 9900円*734人*12月）,,87199
,,,幼稚園使用料,,,975
,,,,預かり保育料,,975
,,,社会教育使用料,,,611
,,,,博物館使用料,,10
,,,,中央図書館市民ギャラリー使用料,,601
,,,体育保健使用料,,,17235
,,,,小・中・高等学校屋内運動場等使用料,,13090
,,,,小・中・高等学校屋外運動場夜間照明施設等使用料,,2627
,,,,高等学校庭球場使用料,,880
,,,,市有土地使用料,,638
,手数料,,,,429344,405915
,,総務手数料,,,101772,95020
,,,総務手数料,,,95020
,,,,行政不服審査手数料,,1
,,,,戸籍手数料（調定見込額 戸籍の全部事項証明書・個人事項証明書15375(1通450円/コンビニ交付350円)+除籍記載事項証明謄抄本18113(1通750円)+受理証明等350(1通350円)+身分証明920(1通350円)）,,34758
,,,,住民基本台帳手数料（調定見込額 住民票の写し25300(1通300円/コンビニ交付200円)+戸籍の附票の写し2000(1通300円/コンビニ交付200円)+現況証明等595(1通350円)+住民基本台帳の閲覧105(1世帯350円)）,,28000
,,,,印鑑証明等手数料（調定見込額 印鑑登録証明15500(1通300円/コンビニ交付200円)+印鑑登録証2450(1件350円)）,,17950
,,,,自動車臨時運行許可手数料（調定見込額 1両750円）,,1125
,,,,税証明手数料（調定見込額 所得・納税関係証明等7390(1件300円/コンビニ交付200円)+資産証明等3950(1件300円)+税証明謄抄本900(1件450円)+住宅用家屋証明900(1件900円)）,,13140
,,,,督促手数料（調定見込額 1件70円）,,1
,,,,その他諸証明等手数料,,45
,,民生手数料,,,1118,651
,,,社会福祉手数料,,,333
,,,,介護サービス事業者指定申請手数料（調定見込額 更新33件）,,333
,,,老人福祉手数料,,,318
,,,,介護予防・日常生活支援総合事業事業者指定申請手数料（調定見込額 新規10件 更新21件）,,318
,,衛生手数料,,,283125,277637
,,,保健衛生手数料,,,11599
,,,,看護専門学校入学検定等手数料,,567
,,,,犬の登録等手数料,,11032
,,,清掃手数料,,,266035
,,,,塵芥処理手数料,,266035
,,,環境対策手数料,,,3
,,,,鳥獣飼養登録手数料,,3
,,農林水産業手数料,,,66,65
,,,農業手数料,,,65
,,,,農地に関する証明手数料,,65
,,商工手数料,,,1,1
,,,商工手数料,,,1
,,,,計量手数料,,1
,,土木手数料,,,27834,19890
,,,道路橋梁手数料,,,177
,,,,放置自転車等撤去・保管手数料,,177
,,,都市計画手数料,,,19695
,,,,都市計画に関する証明手数料（調定見込額 35件）,,14
,,,,建築確認申請手数料（調定見込額 15件）,,464
,,,,建築中間検査手数料（調定見込額 2件）,,80
,,,,建築完了検査手数料（調定見込額 18件）,,353
,,,,建築計画変更手数料（調定見込額 1件）,,11
,,,,建築許可申請手数料（調定見込額 53件）,,2066
,,,,長期優良住宅認定手数料（調定見込額 507件）,,8097
,,,,低炭素建築物認定手数料（調定見込額 6件）,,36
,,,,屋外広告物許可申請手数料（調定見込額 380件）,,5320
,,,,開発行為等許可申請手数料（調定見込額 113件）,,3067
,,,,建築物省エネ性能適合判定申請手数料（調定見込額 4件）,,187
,,,住宅手数料,,,18
,,,,市営住宅に関する証明手数料（調定見込額 61件）,,18
,,消防手数料,,,13487,10710
,,,消防手数料,,,10710
,,,,危険物施設設置等許可申請手数料（調定見込額 特定屋外タンク貯蔵所440000円*2件(880)+その他25000円*206件(5150)）,,6030
,,,,危険物施設完成検査前検査申請手数料（調定見込額 特定屋外タンク貯蔵所265000円*3件(795)+その他17000円*5件(85)）,,880
,,,,危険物施設完成検査申請手数料（調定見込額 13600円*194件）,,2638
,,,,危険物施設承認申請手数料（調定見込額 5400円*192件）,,1036
,,,,火薬類消費許可申請手数料（調定見込額 7900円*16件）,,126
,,教育手数料,,,1941,1941
,,,高等学校手数料,,,1941
,,,,入学検定料（調定見込額 2200円*250人）,,550
,,,,入学料（調定見込額 5650円*240人）,,1356
,,,,卒業証明書等発行手数料（調定見込額 350円*100件）,,35
国庫支出金,,,,,18486567,19346840
,国庫負担金,,,,14885888,15463656
,,民生費負担金,,,14624260,15204246
,,,社会福祉費負担金,,,219096
,,,,生活困窮者自立相談支援事業費等負担金（調定見込額 住居確保給付事業3027*3/4）,,2270
,,,,保険基盤安定負担金（国民健康保険）（調定見込額 保険者支援分421072*1/2）,,210536
,,,,未就学児均等割保険税負担金（調定見込額 9858*1/2）,,4929
,,,,産前産後保険税負担金（調定見込額 2723*1/2）,,1361
,,,老人福祉費負担金,,,81450
,,,,介護保険低所得者保険料軽減負担金（調定見込額 162900*1/2）,,81450
,,,児童福祉費負担金,,,3614279
,,,,妊婦のための支援給付交付金（調定見込額 147500*10/10）,,147500
,,,,児童入所施設措置費負担金（調定見込額 母子生活支援施設13741*1/2(6870)+助産施設2936*1/2(1468)+家庭支援事業1024*1/2(512)）,,8850
,,,,児童扶養手当負担金（調定見込額 895000*1/3）,,298333
,,,,未熟児養育医療費負担金（調定見込額 8000*1/2）,,4000
,,,,未熟児養育医療費負担金過年度分,,1
,,,,施設型・地域型保育給付費負担金（調定見込額 施設型給付1号分833070*0.74*1/2(308236)+2号分2026848*1/2(1013424)+3号分2097405*0.6(1258443)+地域型保育給付家庭的保育57409*0.6(34445)+小規模保育公立分94280*0.6(56568)+私立分680100*0.6(408060)+事業所内保育92180*0.6(55308)）,,3134484
,,,,乳児等のための支援給付交付金（調定見込額 公立分4000*3/4(3000)+私立分1850*3/4(1387)+加算分471*3/4(353)）,,4740
,,,,子育てのための施設等利用給付交付金（調定見込額 一時預かり事業(幼稚園型)公立分2808*1/2(1404)+私立分25758*1/2(12879)+預かり保育事業私立分324*1/2(162)+認可外保育施設等3852*1/2(1926)）,,16371
,,,児童手当負担金,,,3959178
,,,,"児童手当負担金（調定見込額 0~3歳未満被用者667980*10/10+0~3歳未満非被用者94860*13/15(82212)+小学校修了前第1,2子1650000*7/9(1283333)+小学校修了前第3子793080*7/9(616840)+中学生862320*7/9(670693)+18歳年度末まで820440*7/9(638120)）",,3959178
,,,障害者福祉費負担金,,,4691749
,,,,特別障害者手当等給付費負担金（調定見込額 121651*3/4）,,91238
,,,,障害者自立支援給付費負担金（調定見込額 介護給付費負担金3122748*1/2(1561374)+訓練等給付費負担金3318168*1/2(1659084)+緊急対応措置費負担金1184*1/2(592)+補装具給付費負担金48000*1/2(24000)）,,3245050
,,,,障害児通所給付費負担金（調定見込額 2501752*1/2）,,1250876
,,,,障害者医療費負担金（調定見込額 療養介護医療23766*1/2(11883)+更生医療185000*1/2(92500)+育成医療400*1/2(200)）,,104583
,,,,特別障害者手当等給付費負担金過年度分,,1
,,,,障害児通所給付費負担金過年度分,,1
,,,生活保護費負担金,,,2638494
,,,,生活保護費負担金（調定見込額 被保護者就労支援事業13567*3/4(10175)+被保護者健康管理支援事業1028*3/4(771)+生活保護費負担金3490000*3/4(2617500)+中国残留邦人生活支援給付金11860*3/4(8895)+中国残留邦人配偶者支援金1152*10/10(1152)）,,2638493
,,,,生活保護費負担金過年度分,,1
,,衛生費負担金,,,0,1500
,,,保健衛生費負担金,,,1500
,,,,新型コロナウイルス予防接種健康被害給付費負担金（調定見込額 1500*10/10）,,1500
,,教育費負担金,,,261628,257910
,,,幼稚園費負担金,,,257910
,,,,施設型・地域型保育給付費負担金（調定見込額 施設型給付1号分694140*0.74*1/2）,,256831
,,,,子育てのための施設等利用給付交付金（調定見込額 私立幼稚園2159*1/2）,,1079
,国庫補助金,,,,3471403,3824969
,,総務費補助金,,,100841,168955
,,,総務管理費補助金,,,91240
,,,,地域少子化対策重点推進交付金,,5428
,,,,地域未来交付金,,76845
,,,,地域女性活躍推進交付金,,1801
,,,,個人番号カード交付事務費補助金,,4592
,,,,外国人受入環境整備交付金,,2574
,,,戸籍住民基本台帳費補助金,,,77715
,,,,個人番号カード交付事務費補助金（調定見込額 77715*10/10）,,77715
,,民生費補助金,,,913828,1144132
,,,社会福祉費補助金,,,102422
,,,,重層的支援体制整備事業交付金,,48174
,,,,地域少子化対策重点推進交付金,,23720
,,,,生活困窮者就労準備支援事業費等補助金,,23780
,,,,女性保護費補助金,,6748
,,,老人福祉費補助金,,,175511
,,,,介護保険事業費補助金,,5840
,,,,生活困窮者就労準備支援事業費等補助金,,13230
,,,,重層的支援体制整備事業交付金,,150053
,,,,地域未来交付金,,6388
,,,児童福祉費補助金,,,793103
,,,,重層的支援体制整備事業交付金,,82672
,,,,子ども・子育て支援交付金,,264477
,,,,地域少子化対策重点推進交付金,,12368
,,,,保育対策総合支援事業費補助金,,49817
,,,,子ども・子育て支援体制整備総合推進事業費補助金,,5355
,,,,児童虐待防止対策支援事業費補助金,,1123
,,,,妊婦のための支援給付費補助金,,2287
,,,,母子家庭等対策総合支援事業費補助金,,10570
,,,,物価高騰対応重点支援地方創生臨時交付金,,76152
,,,,就学前教育・保育施設整備交付金,,288282
,,,障害者福祉費補助金,,,53984
,,,,重層的支援体制整備事業交付金,,10802
,,,,地域生活支援事業費補助金,,39687
,,,,社会資本整備総合交付金,,1092
,,,,児童虐待防止対策支援事業費補助金,,2403
,,,生活保護費補助金,,,19112
,,,,生活保護適正実施推進事業補助金,,17037
,,,,生活困窮者就労準備支援事業費等補助金,,2074
,,,,中国残留邦人等地域生活支援事業補助金,,1
,,衛生費補助金,,,133289,89740
,,,保健衛生費補助金,,,39785
,,,,感染症予防事業費等補助金,,9031
,,,,母子保健衛生費補助金,,17798
,,,,母子保健対策強化事業補助金,,123
,,,,子ども・子育て支援交付金,,11122
,,,,医療施設運営費等補助金,,1711
,,,清掃費補助金,,,33694
,,,,地域少子化対策重点推進交付金,,814
,,,,循環型社会形成推進交付金,,9380
,,,,地域脱炭素移行・再エネ推進交付金,,23500
,,,環境対策費補助金,,,16261
,,,,地域脱炭素移行・再エネ推進交付金,,3089
,,,,特定外来生物防除等対策事業交付金,,562
,,,,公害健康被害補償給付支給事務費交付金,,12610
,,商工費補助金,,,26188,30320
,,,商工費補助金,,,30320
,,,,地域未来交付金,,16833
,,,,受入環境整備促進事業補助金,,3487
,,,,地方スポーツ振興費補助金,,10000
,,土木費補助金,,,1735518,1895701
,,,道路橋梁費補助金,,,307558
,,,,地域未来交付金,,24310
,,,,防災・安全交付金,,146000
,,,,道路メンテナンス事業補助金,,105930
,,,,地域脱炭素移行・再エネ推進交付金,,31318
,,,河川費補助金,,,77750
,,,,防災・安全交付金,,42750
,,,,下水道防災事業費補助金,,35000
,,,港湾費補助金,,,11800
,,,,地域未来交付金,,11800
,,,都市計画費補助金,,,1125319
,,,,地域公共交通確保維持改善事業補助金,,1177
,,,,社会資本整備総合交付金,,598677
,,,,防災・安全交付金,,75550
,,,,地域未来交付金,,65868
,,,,都市構造再編集中支援事業費補助金,,321397
,,,,建築物吹付アスベスト対策事業費補助金,,1100
,,,,既存建築物耐震性向上事業費補助金,,650
,,,,耐震補強事業費補助金,,60900
,,,公園費補助金,,,231250
,,,,社会資本整備総合交付金,,207250
,,,,防災・安全交付金,,15500
,,,,地域脱炭素移行・再エネ推進交付金,,8500
,,,住宅費補助金,,,142024
,,,,社会資本整備総合交付金,,137936
,,,,空き家対策総合支援事業補助金,,3350
,,,,住宅市場整備推進等事業費補助金,,738
,,消防費補助金,,,0,38656
,,,消防費補助金,,,38656
,,,,消防防災施設整備費補助金,,3996
,,,,緊急消防援助隊設備整備費補助金,,17113
,,,,防災・安全交付金,,6083
,,,,地域未来交付金,,11464
,,教育費補助金,,,541490,457465
,,,教育総務費補助金,,,6895
,,,,へき地児童生徒援助費等補助金,,942
,,,,教育支援体制整備事業費補助金,,5953
,,,小学校費補助金,,,117478
,,,,理科教育設備整備費等補助金,,1800
,,,,要保護児童援助費補助金,,243
,,,,特別支援教育就学奨励費補助金,,2523
,,,,学校施設環境改善交付金,,112912
,,,中学校費補助金,,,65903
,,,,理科教育設備整備費等補助金,,1250
,,,,要保護生徒援助費補助金,,399
,,,,特別支援教育就学奨励費補助金,,4745
,,,,学校施設環境改善交付金,,59509
,,,高等学校費補助金,,,100
,,,,理科教育設備整備費等補助金,,100
,,,幼稚園費補助金,,,20166
,,,,物価高騰対応重点支援地方創生臨時交付金,,16328
,,,,子ども・子育て支援交付金,,61
,,,,子ども・子育て支援体制整備総合推進事業費補助金,,169
,,,,教育支援体制整備事業費交付金,,1549
,,,,保育対策総合支援事業費補助金,,2059
,,,社会教育費補助金,,,17935
,,,,埋蔵文化財調査事業費補助金,,16288
,,,,文化芸術振興費補助金,,1647
,,,体育保健費補助金,,,228988
,,,,物価高騰対応重点支援地方創生臨時交付金,,228988
,国庫委託金,,,,129276,58215
,,総務費委託金,,,71452,2568
,,,戸籍住民基本台帳費委託金,,,2545
,,,,中長期在留者住居地届出等事務委託金,,2469
,,,,自衛官募集事務委託金,,76
,,,選挙費委託金,,,23
,,,,在外選挙人名簿登録事務委託金,,23
,,民生費委託金,,,57824,55647
,,,社会福祉費委託金,,,54413
,,,,国民年金事務費交付金,,53089
,,,,特別障害給付金事務費交付金,,27
,,,,年金生活者支援給付金支給業務市町村事務取扱交付金,,1106
,,,,遺族及留守家族等援護費事務委託金,,191
,,,障害者福祉費委託金,,,1234
,,,,特別児童扶養手当事務委託金,,1234
県支出金,,,,,8760799,8912921
,県負担金,,,,5346919,5615850
,,民生費負担金,,,5216105,5486896
,,,社会福祉費負担金,,,1198554
,,,,民生委員事務費負担金,,35790
,,,,行旅死亡人等取扱費負担金,,643
,,,,保険基盤安定負担金（国民健康保険）（調定見込額 保険税軽減分682275*3/4(511706)+保険者支援分421072*1/4(105268)）,,616974
,,,,未就学児均等割保険税負担金（調定見込額 9858*1/4）,,2464
,,,,産前産後保険税負担金（調定見込額 2723*1/4）,,680
,,,,保険基盤安定負担金（後期高齢者医療）（調定見込額 保険料軽減分718953*3/4(539215)+被扶養者軽減分3718*3/4(2788)）,,542003
,,,老人福祉費負担金,,,40725
,,,,介護保険低所得者保険料軽減負担金（調定見込額 162900*1/4）,,40725
,,,児童福祉費負担金,,,1280504
,,,,児童入所施設措置費負担金（調定見込額 母子生活支援施設13741*1/4(3435)+助産施設2936*1/4(734)+家庭支援事業1024*1/4(256)）,,4425
,,,,未熟児養育医療費負担金（調定見込額 8000*1/4）,,2000
,,,,未熟児養育医療費負担金過年度分,,1
,,,,施設型・地域型保育給付費負担金（調定見込額 施設型給付1号分833070*0.74*1/4(154118)+2号分2026848*1/4(506712)+3号分2097405*0.2(419481)+地域型保育給付家庭的保育57409*0.2(11481)+小規模保育公立分94280*0.2(18856)+私立分680100*0.2(136020)+事業所内保育92180*0.2(18436)）,,1265104
,,,,乳児等のための支援給付費負担金（調定見込額 公立分4000*1/8(500)+私立分1850*1/8(231)+加算分471*1/8(58)）,,789
,,,,子育てのための施設等利用費負担金（調定見込額 一時預かり事業(幼稚園型)公立分2808*1/4(702)+私立分25758*1/4(6439)+預かり保育事業私立分324*1/4(81)+認可外保育施設等3852*1/4(963)）,,8185
,,,児童手当負担金,,,464750
,,,,"児童手当負担金（調定見込額 0~3歳未満非被用者94860*1/15(6324)+小学校修了前第1,2子1650000*1/9(183333)+小学校修了前第3子793080*1/9(88120)+中学生862320*1/9(95813)+18歳年度末まで820440*1/9(91160)）",,464750
,,,障害者福祉費負担金,,,2417563
,,,,障害者自立支援給付費負担金（調定見込額 介護給付費負担金3122748*1/4(780687)+訓練等給付費負担金3318168*1/4(829542)+緊急対応措置費負担金1184*1/4(296)+補装具給付費負担金48000*1/4(12000)）,,1622525
,,,,障害児通所給付費負担金（調定見込額 2501752*1/4）,,625438
,,,,障害者医療費負担金（調定見込額 療養介護医療23766*1/4(5941)+更生医療185000*1/4(46250)+育成医療400*1/4(100)）,,52291
,,,,ふじやま学園措置費負担金,,117308
,,,,障害児通所給付費負担金過年度分,,1
,,,生活保護費負担金,,,84800
,,,,居住地不明者生活保護費負担金（調定見込額 339200*1/4）,,84800
,,教育費負担金,,,130814,128954
,,,幼稚園費負担金,,,128954
,,,,施設型・地域型保育給付費負担金（調定見込額 施設型給付1号分694140*0.74*1/4）,,128415
,,,,子育てのための施設等利用費負担金（調定見込額 私立幼稚園2159*1/4）,,539
,県補助金,,,,2833831,2797812
,,総務費補助金,,,62237,48865
,,,総務管理費補助金,,,48865
,,,,移住就業支援事業費補助金（調定見込額 50000*3/4）,,37500
,,,,地方就職学生支援事業費補助金,,540
,,,,消費者行政強化促進事業費補助金,,6871
,,,,人権問題啓発事業費交付金,,290
,,,,地震・津波対策等減災交付金,,34
,,,,コミュニティ施設整備事業費補助金,,3050
,,,,地域日本語教育体制構築事業費補助金,,580
,,民生費補助金,,,1258432,1188507
,,,社会福祉費補助金,,,11486
,,,,重層的支援体制整備事業交付金,,10235
,,,,地震・津波対策等減災交付金,,1251
,,,老人福祉費補助金,,,85696
,,,,高齢者地域福祉推進事業費補助金,,5347
,,,,地震・津波対策等減災交付金,,85
,,,,成年後見推進事業費補助金,,2500
,,,,重層的支援体制整備事業交付金,,72309
,,,,介護保険低所得者利用者負担対策事業費補助金,,5455
,,,児童福祉費補助金,,,863175
,,,,安心こども基金事業費補助金,,2619
,,,,子育て支援事業費補助金,,42154
,,,,多様な保育推進事業費補助金,,67687
,,,,重層的支援体制整備事業交付金,,50208
,,,,放課後児童健全育成事業費補助金,,171363
,,,,ひとり親家庭放課後児童クラブ利用支援事業費補助金,,3825
,,,,人権問題啓発事業費交付金,,40
,,,,妊婦のための支援給付費補助金,,1143
,,,,ひとり親家庭日常生活支援事業費補助金,,52
,,,,ひとり親家庭等医療費補助金,,30816
,,,,こども医療費補助金,,290142
,,,,地震・津波対策等減災交付金,,350
,,,,施設型給付費補助金,,108299
,,,,保育対策等促進事業費補助金,,92013
,,,,年度途中入所サポート事業費補助金,,2464
,,,障害者福祉費補助金,,,228150
,,,,重度心身障害者医療費補助金,,199068
,,,,在宅重症心身障害児者短期入所利用確保推進事業費補助金,,78
,,,,重層的支援体制整備事業交付金,,5401
,,,,地域生活支援事業費補助金,,19843
,,,,障害者ライフサポート事業費補助金,,1813
,,,,地震・津波対策等減災交付金,,746
,,,,地域障害児支援体制強化事業費補助金,,1201
,,衛生費補助金,,,50953,51154
,,,保健衛生費補助金,,,44569
,,,,地震・津波対策等減災交付金,,3605
,,,,健康増進事業費補助金,,11729
,,,,予防接種健康被害救済事業費補助金,,117
,,,,地域自殺対策強化事業費補助金,,639
,,,,不育症治療費助成事業費補助金,,31
,,,,子育て支援事業費補助金,,7413
,,,,若年がん患者等支援事業費補助金,,1512
,,,,消費・安全対策交付金補助金,,1671
,,,,消費者行政強化促進事業費補助金,,175
,,,,難病患者介護家族リフレッシュ事業費補助金,,570
,,,,小児慢性特定疾病児童日常生活用具給付事業費補助金,,69
,,,,骨髄ドナー助成事業費補助金,,210
,,,,救急医療施設運営費等補助金,,16828
,,,清掃費補助金,,,6321
,,,,地震・津波対策等減災交付金,,979
,,,,消費・安全対策交付金補助金,,99
,,,,消費者行政強化促進事業費補助金,,467
,,,,生活排水改善対策推進事業費補助金,,4776
,,,環境対策費補助金,,,264
,,,,地震・津波対策等減災交付金,,121
,,,,指定管理鳥獣対策事業交付金,,143
,,労働費補助金,,,0,6546
,,,労働費補助金,,,6546
,,,,消費者行政強化促進事業費補助金,,6546
,,農林水産業費補助金,,,82018,57343
,,,農業費補助金,,,40790
,,,,農業委員会交付金,,3083
,,,,担い手育成総合対策事業費補助金,,1500
,,,,環境保全型農業直接支払交付金,,2310
,,,,経営所得安定対策推進事業費補助金,,984
,,,,静岡茶海外戦略展開支援事業費補助金,,5169
,,,,鳥獣被害防止総合対策交付金,,3720
,,,,多面的機能支払交付金,,24024
,,,林業費補助金,,,16553
,,,,保全松林健全化整備事業費補助金,,3665
,,,,地震・津波対策等減災交付金,,142
,,,,林業関係事業費補助金,,686
,,,,林道点検診断・保全整備事業補助金,,400
,,,,振興事業費補助金,,11660
,,商工費補助金,,,182127,212189
,,,商工費補助金,,,212189
,,,,地域産業立地事業費補助金（調定見込額 415378*1/2）,,207689
,,,,スポーツまちづくり事業費補助金,,4500
,,土木費補助金,,,220200,234213
,,,土木管理費補助金,,,13878
,,,,地震・津波対策等減災交付金,,600
,,,,地籍調査事業費補助金,,13278
,,,河川費補助金,,,11400
,,,,河川海岸愛護事業費補助金,,1400
,,,,都市基盤河川改修事業費補助金,,10000
,,,都市計画費補助金,,,197998
,,,,地震・津波対策等減災交付金,,121
,,,,市町自主運行バス事業費補助金,,7877
,,,,鉄道駅ユニバーサルデザイン施設整備事業費補助金,,5833
,,,,自動運転実装支援事業補助金,,20000
,,,,街路事業費補助金,,1400
,,,,市街地再開発事業等補助金,,129217
,,,,既存建築物耐震性向上事業費補助金,,325
,,,,ブロック塀等耐震改修促進事業費補助金,,2775
,,,,耐震補強事業費補助金,,30450
,,,公園費補助金,,,10937
,,,,公園整備事業費補助金,,10937
,,消防費補助金,,,145437,112546
,,,消防費補助金,,,112546
,,,,地震・津波対策等減災交付金（消防分）,,51449
,,,,地震・津波対策等減災交付金（防災分）,,59253
,,,,地震・津波対策等減災交付金（水防分）,,557
,,,,石油貯蔵施設立地対策等交付金,,1287
,,教育費補助金,,,773740,762852
,,,教育総務費補助金,,,14831
,,,,部活動指導員配置事業費補助金,,2761
,,,,不登校、いじめ対策等の推進事業費補助金,,11900
,,,,学校・家庭・地域連携協力推進事業費補助金,,170
,,,小学校費補助金,,,666
,,,,地震・津波対策等減災交付金,,666
,,,中学校費補助金,,,666
,,,,地震・津波対策等減災交付金,,666
,,,幼稚園費補助金,,,90337
,,,,地震・津波対策等減災交付金,,38
,,,,施設型給付費補助金,,90238
,,,,保育対策等促進事業費補助金,,61
,,,社会教育費補助金,,,13661
,,,,学校・家庭・地域連携協力推進事業費補助金,,1490
,,,,地域自殺対策強化事業費補助金,,8862
,,,,埋蔵文化財調査事業費補助金,,1250
,,,,文化財保存費補助金,,1559
,,,,しずおか遺産補助金,,500
,,,体育保健費補助金,,,642691
,,,,地震・津波対策等減災交付金,,335
,,,,学校給食費の抜本的な負担軽減交付金,,642356
,,災害復旧費補助金,,,58687,123597
,,,農林水産業施設災害復旧費補助金,,,123597
,,,,林業施設災害復旧事業費補助金（調定見込額 林道中里線124344*99.4/100）,,123597
,県委託金,,,,580049,499259
,,総務費委託金,,,548540,461683
,,,総務管理費委託金,,,1201
,,,,地方自治法取扱事務委託金,,1
,,,,特定非営利活動促進法等取扱事務委託金,,1200
,,,徴税費委託金,,,426639
,,,,県民税徴収取扱事務委託金（調定見込額 現年課税分134800人*3000円(404400)+滞納繰越分83*7/100(5)+過誤納金分22234）,,426639
,,,戸籍住民基本台帳費委託金,,,6288
,,,,人口動態調査事務委託金,,219
,,,,旅券申請交付事務委託金,,6069
,,,統計調査費委託金,,,13614
,,,,学校基本調査委託金,,50
,,,,経済センサス調査区管理委託金,,24
,,,,経済センサス－活動調査委託金,,13357
,,,,統計調査員確保対策事業委託金,,40
,,,,統計調査員環境基盤整備事業委託金,,80
,,,,その他統計調査委託金,,63
,,,選挙費委託金,,,13941
,,,,県議会議員選挙委託金,,13941
,,民生費委託金,,,7588,11460
,,,社会福祉費委託金,,,4621
,,,,人権啓発活動事業委託金,,825
,,,,民生委員法取扱事務委託金,,632
,,,,老人福祉法取扱事務委託金,,3164
,,,児童福祉費委託金,,,775
,,,,児童福祉法関係取扱事務委託金,,4
,,,,認定こども園に関する事務委託金,,112
,,,,地域子育て支援拠点事業等取扱事務委託金,,659
,,,障害者福祉費委託金,,,5443
,,,,療育手帳取扱事務委託金,,1447
,,,,身体障害者手帳取扱事務委託金,,2035
,,,,心身障害者扶養共済制度取扱事務委託金,,278
,,,,自立支援医療（精神通院）取扱事務委託金,,1683
,,,生活保護費委託金,,,621
,,,,ホームレス実態調査委託金,,30
,,,,国民生活基礎調査委託金,,591
,,衛生費委託金,,,14856,17841
,,,保健衛生費委託金,,,793
,,,,動物の愛護及び管理事務委託金,,793
,,,清掃費委託金,,,8888
,,,,浄化槽法取扱事務委託金,,8888
,,,環境対策費委託金,,,8160
,,,,公害関連法等取扱事務委託金,,7128
,,,,地下水採取取扱事務委託金,,365
,,,,自然公園法関係取扱事務委託金,,201
,,,,鳥獣保護事務委託金,,466
,,農林水産業費委託金,,,2226,1955
,,,農業費委託金,,,174
,,,,農地法関係取扱事務委託金,,137
,,,,土地改良法取扱事務委託金,,37
,,,林業費委託金,,,1781
,,,,森林法取扱事務委託金,,337
,,,,東海自然歩道管理委託金,,1444
,,商工費委託金,,,346,344
,,,商工費委託金,,,344
,,,,中小企業等協同組合法関係取扱事務委託金,,270
,,,,中小企業団体組織法関係取扱事務委託金,,4
,,,,商工会議所法取扱事務委託金,,32
,,,,商工会法取扱事務委託金,,38
,,土木費委託金,,,1190,1390
,,,土木管理費委託金,,,361
,,,,国有財産事務委託金,,361
,,,都市計画費委託金,,,1029
,,,,福祉のまちづくり事務委託金,,109
,,,,地球温暖化防止条例取扱事務委託金,,92
,,,,県建築基準条例関係取扱事務委託金,,6
,,,,屋外広告物簡易除去事務委託金,,2
,,,,国土利用計画法関連事務委託金,,820
,,消防費委託金,,,503,448
,,,消防費委託金,,,448
,,,,高圧ガス立入検査取扱事務委託金,,20
,,,,液化石油ガス設備取扱事務委託金,,95
,,,,田子の浦港海岸陸閘操作委託金,,333
,,教育費委託金,,,4800,4138
,,,教育総務費委託金,,,1388
,,,,部活動の地域連携・地域展開に向けた実証事業委託金,,1388
,,,社会教育費委託金,,,2750
,,,,文化財保護事務委託金,,2750
財産収入,,,,,303001,289419
,財産運用収入,,,,150920,181310
,,財産貸付収入,,,145280,175628
,,,土地貸付収入,,,175628
,,,,土地貸付収入（調定見込額 行政財産15099+普通財産160529）,,175628
,,利子及び配当金,,,5640,5682
,,,利子及び配当金,,,5682
,,,,土地開発基金運用収益,,68
,,,,小栗利貞基金運用収益,,1
,,,,福祉振興基金運用収益,,4520
,,,,天間敬人育成基金運用収益,,13
,,,,緑の環境基金運用収益,,118
,,,,ふじやま学園生産活動振興基金運用収益,,1
,,,,環境対策基金運用収益,,4
,,,,奨学金基金運用収益,,54
,,,,長寿社会対策基金運用収益,,161
,,,,体育振興基金運用収益,,151
,,,,道路整備基金運用収益,,4
,,,,まちの駅ふじ交流基金運用収益,,9
,,,,新環境クリーンセンター建設基金運用収益,,1
,,,,株式配当金,,577
,財産売払収入,,,,152081,108109
,,不動産売払収入,,,152080,107109
,,,土地売払収入,,,107109
,,,,土地売払収入,,107109
,,物品売払収入,,,1,1000
,,,物品売払収入,,,1000
,,,,物品売払収入,,1000
寄附金,,,,,5015125,6019301
,寄附金,,,,5015125,6019301
,,総務費寄附金,,,5009820,6012998
,,,総務管理費寄附金,,,6012998
,,,,ふるさと納税寄附金,,6000000
,,,,ふるさと応援基金寄附金,,1500
,,,,SDGsプロジェクトエッグ支援寄附金,,11498
,,民生費寄附金,,,3000,3000
,,,社会福祉費寄附金,,,3000
,,,,福祉基金寄附金,,3000
,,衛生費寄附金,,,1801,1801
,,,環境対策費寄附金,,,1800
,,,,ブナ林創造事業寄附金,,1800
,,,病院費寄附金,,,1
,,,,新病院建設基金寄附金,,1
,,消防費寄附金,,,2,2
,,,消防費寄附金,,,2
,,,,消防事業寄附金,,1
,,,,防災費寄附金,,1
,,教育費寄附金,,,502,1500
,,,小学校費寄附金,,,500
,,,,小学校費寄附金,,500
,,,中学校費寄附金,,,500
,,,,中学校費寄附金,,500
,,,社会教育費寄附金,,,500
,,,,文化振興基金寄附金,,500
繰入金,,,,,1666920,2140017
,特別会計繰入金,,,,719873,130481
,,後期高齢者医療事業特別会計繰入金,,,3001,3001
,,,後期高齢者医療事業特別会計繰入金,,,3001
,,,,後期高齢者医療事業特別会計繰入金,,3001
,,,,前年度分消費税及び地方消費税還付金分,,3000
,,,,前年度分療養給付費市負担金精算金分,,1
,,介護保険事業特別会計繰入金,,,100072,96630
,,,介護保険事業特別会計繰入金,,,96630
,,,,重層的支援体制整備事業充当,,95879
,,,,介護人材確保対策事業費充当,,750
,,,,その他分,,1
,,駐車場事業特別会計繰入金,,,32000,30000
,,,駐車場事業特別会計繰入金,,,30000
,,,,駐車場事業特別会計繰入金,,30000
,,鈴川財産区他特別会計繰入金,,,800,850
,,,鈴川財産区他特別会計繰入金,,,850
,,,,森林被害木対策事業費充当,,850
,,,,鈴川財産区特別会計繰入金,,170
,,,,今井財産区特別会計繰入金,,170
,,,,大野新田財産区特別会計繰入金,,170
,,,,檜新田財産区特別会計繰入金,,170
,,,,田中新田財産区特別会計繰入金,,170
,基金繰入金,,,,947047,2009536
,,財政調整基金繰入金,,,200000,1370000
,,,財政調整基金繰入金,,,1370000
,,,,財源調整分,,900000
,,,,富士山フロント工業団地第3期整備事業費分,,470000
,,育英奨学基金繰入金,,,5000,7112
,,,育英奨学基金繰入金,,,7112
,,,,育英奨学資金事業費充当,,7112
,,福祉基金繰入金,,,25517,13037
,,,福祉基金繰入金,,,13037
,,,,女性保護相談事業費充当,,50
,,,,社会福祉センター運営管理事業費充当,,1000
,,,,社会福祉協議会助成費充当,,1500
,,,,子ども子育て支援費充当,,4000
,,,,子どもの貧困対策事業費充当,,1003
,,,,就労機能パワーアップ事業費充当,,1500
,,,,ふじやま学園管理費充当,,1375
,,,,こども発達センター費充当,,2609
,,国際交流基金繰入金,,,4700,9767
,,,国際交流基金繰入金,,,9767
,,,,海外都市交流事業費充当,,9767
,,文化振興基金繰入金,,,12643,28797
,,,文化振興基金繰入金,,,28797
,,,,市民芸術文化振興事業費充当,,16000
,,,,総合体育館文化創造事業費充当,,767
,,,,紙のアートミュージアム事業費充当,,2230
,,,,文化振興基金助成費充当,,1800
,,,,文化会館自主事業助成費充当,,8000
,,教育振興基金繰入金,,,2560,11813
,,,教育振興基金繰入金,,,11813
,,,,教育委員会運営事業費充当,,7000
,,,,教育研究事業費充当,,3749
,,,,教育研究指定校事業費充当,,480
,,,,学習成果発表事業費充当,,504
,,,,幼稚園教育研究事業費充当,,80
,,ふるさと・水と土基金繰入金,,,1000,1000
,,,ふるさと・水と土基金繰入金,,,1000
,,,,農用地地域共同活動事業費充当,,1000
,,新環境クリーンセンター建設基金繰入金,,,100000,100000
,,,新環境クリーンセンター建設基金繰入金,,,100000
,,,,新環境クリーンセンター建設事業費充当,,100000
,,大村教育施設等整備基金繰入金,,,20000,20000
,,,大村教育施設等整備基金繰入金,,,20000
,,,,古谿荘保護管理事業費充当,,20000
,,公共建築物保全基金繰入金,,,200000,200000
,,,公共建築物保全基金繰入金,,,200000
,,,,まちづくりセンターリニューアル事業費充当,,20000
,,,,小学校緊急補修事業費充当,,10000
,,,,小学校屋内運動場リニューアル事業費充当,,40000
,,,,小学校長寿命化改修事業費充当,,50000
,,,,中学校長寿命化改修事業費充当,,80000
,,ふるさと応援基金繰入金,,,1055,1511
,,,ふるさと応援基金繰入金,,,1511
,,,,魅力創造発信事業費充当,,10
,,,,ユニバーサル就労推進事業費充当,,17
,,,,富士山麓ブナ林創造事業費充当,,276
,,,,富士山活用推進事業費充当,,184
,,,,スポーツイベント関連事業費充当,,120
,,,,公共交通支援事業費充当,,366
,,,,備蓄資機材整備事業費充当,,538
,,森林環境基金繰入金,,,68117,82913
,,,森林環境基金繰入金,,,82913
,,,,林業振興事業費充当,,3000
,,,,森林経営管理事業費充当,,79913
,,富士・愛鷹山麓地域森林機能保全基金繰入金,,,5155,4048
,,,富士・愛鷹山麓地域森林機能保全基金繰入金,,,4048
,,,,富士・愛鷹山麓地域環境管理計画推進事業費充当,,4048
,,職員退職手当基金繰入金,,,0,84315
,,,職員退職手当基金繰入金,,,84315
,,,,職員退職手当充当,,84315
,,企業版ふるさと納税基金繰入金,,,1300,43000
,,,企業版ふるさと納税基金繰入金,,,43000
,,,,企画調査費充当,,1000
,,,,SDGs推進事業費充当,,4000
,,,,田子の浦港にぎわい推進事業費充当,,36500
,,,,備蓄資機材整備事業費充当,,1500
,,防災・減災基金繰入金,,,0,32223
,,,防災・減災基金繰入金,,,32223
,,,,防災危機管理事務費充当,,505
,,,,防災啓発事業費充当,,9000
,,,,備蓄資機材整備事業費充当,,22718
繰越金,,,,,1000000,1000000
,繰越金,,,,1000000,1000000
,,前年度繰越金,,,1000000,1000000
,,,前年度繰越金,,,1000000
,,,,前年度繰越金,,1000000
諸収入,,,,,3283372,1973375
,延滞金加算金及び過料,,,,25002,25002
,,延滞金,,,25000,25000
,,,延滞金,,,25000
,,,,市税等に係る延滞金,,25000
,,加算金,,,1,1
,,,加算金,,,1
,,,,加算金,,1
,,過料,,,1,1
,,,過料,,,1
,,,,過料,,1
,市預金利子,,,,5961,9187
,,預金利子,,,5961,9187
,,,預金利子,,,9187
,,,,預金利子,,9187
,貸付金元利収入,,,,3000,1000
,,重度医療費等貸付金収入,,,1000,1000
,,,重度医療費等貸付金収入,,,1000
,,,,重度医療費等貸付金収入,,1000
,受託事業収入,,,,5443,5703
,,農林水産業費受託事業収入,,,5443,5703
,,,農業費受託事業収入,,,5703
,,,,農地中間管理事業受託金,,5703
,雑入,,,,3243966,1932483
,,滞納処分費,,,1437,1601
,,,滞納処分費,,,1601
,,,,滞納処分費,,1601
,,弁償金,,,65,125
,,,弁償金,,,125
,,,,弁償金,,125
,,違約金及び延納利息,,,1,1
,,,違約金及び延納利息,,,1
,,,,違約金及び延納利息,,1
,,障害者福祉費納付金,,,196820,205497
,,,障害者福祉費納付金,,,33487
,,,,心身障害者扶養共済制度給付金,,28570
,,,,心身障害者扶養共済制度掛金,,4917
,,,障害児施設納付金,,,172010
,,,,ふじやま学園日中一時支援事業委託費,,5960
,,,,ふじやま学園短期入所給付費,,5738
,,,,ふじやま学園施設入所給付費,,21806
,,,,計画相談支援給付費,,7032
,,,,こども発達センター施設利用給付費,,131474
,,環境対策費納付金,,,8060,8427
,,,公害病補償給付費納付金,,,8427
,,,,環境保全協会納付金,,8427
,,雑入,,,3037583,1716832
,,,議会費雑入,,,1014
,,,,議会タブレット議員負担金,,1013
,,,,その他雑入,,1
,,,総務費雑入,,,254687
,,,,会計年度任用職員雇用保険料負担金,,10563
,,,,特別排水路使用料,,1413
,,,,自動車等損害賠償保険金収入,,1500
,,,,建物共済保険金収入,,1000
,,,,電気料等使用者負担金,,8455
,,,,私用電話料,,354
,,,,公衆電話使用料,,15
,,,,公衆電話手数料,,1
,,,,自治総合センター助成金,,2500
,,,,クリーンエネルギー自動車導入促進補助金,,2200
,,,,県市町村振興協会助成金,,32647
,,,,自動車重量税還付金,,10
,,,,ウェブサイトバナー広告料,,2496
,,,,静岡地方税滞納整理機構派遣職員負担金,,7524
,,,,庁内OA機器修理保険金収入,,100
,,,,市県民税還付未済金,,7000
,,,,印刷機等利用者負担金,,3120
,,,,富士地区男女共同参画連絡会負担金,,50
,,,,自動販売機等設置手数料,,17170
,,,,電力売払収入,,77
,,,,電話使用料,,4
,,,,地域活性化センター助成金,,1994
,,,,印刷物等広告料,,3061
,,,,過年度分森林環境税精算金,,164
,,,,魅力発見バスツアー参加者負担金,,192
,,,,高齢者免許返納対策実証調査支援金,,6016
,,,,デジタル基盤改革支援補助金,,142756
,,,,損害賠償保険金収入,,1000
,,,,国際交流ラウンジ講座参加者負担金,,193
,,,,広域まちづくり研修事業負担金,,54
,,,,原動機付自転車等標識送付負担金,,32
,,,,自動車損害賠償共済等還付金,,60
,,,,古紙売払収入,,234
,,,,さもにゃんLINEスタンプ分配金,,14
,,,,公文書複写料,,110
,,,,原動機付自転車等標識売払金,,22
,,,,その他雑入,,586
,,,民生費雑入,,,259204
,,,,保育園職員等給食費負担金,,26728
,,,,くすの木学園運営管理負担金,,5176
,,,,ふじやま学園職員給食費負担金,,2141
,,,,こども発達センター職員等給食費負担金,,2409
,,,,生活保護費返還金,,50000
,,,,児童扶養手当等返還金,,1500
,,,,こども医療費高額療養費等返還金,,107598
,,,,電気料等使用者負担金,,5737
,,,,日本スポーツ振興センター災害共済給付金収入,,8021
,,,,障害児（者）施設福祉実習等負担金,,350
,,,,県後期高齢者医療広域連合派遣職員負担金,,6335
,,,,県後期高齢者医療広域連合負担金前年度精算金,,17000
,,,,電力売払収入,,1
,,,,日本赤十字社職員負担金,,2066
,,,,県市町村振興協会助成金,,2232
,,,,地域密着型サービス拠点等施設等整備費補助金返還金,,371
,,,,家庭的保育事業等負担金,,75
,,,,研修システム利用者負担金,,420
,,,,障害児通所給付費返還金,,1223
,,,,高齢者保健事業・介護予防等一体的実施事業受託金,,18249
,,,,給付費等請求管理システム利用者負担金,,1452
,,,,特別障害者手当等過年度分返還金,,100
,,,,その他雑入,,20
,,,衛生費雑入,,,473383
,,,,電気料等使用者負担金,,1151
,,,,私用電話料,,14
,,,,公衆電話使用料,,2
,,,,看護教育実習等負担金,,1978
,,,,電力売払収入,,353107
,,,,資源物売払収入,,87032
,,,,ブナ林創造事業負担金,,1000
,,,,日本容器包装リサイクル協会還元金,,24830
,,,,印刷物等広告料,,1930
,,,,講座等参加者負担金,,20
,,,,看護師実務研修参加者負担金,,80
,,,,県市町村振興協会助成金,,826
,,,,自動販売機等設置手数料,,887
,,,,自動車等損害賠償保険金収入,,100
,,,,猫の適正管理推進モデル事業実施地区補助金,,200
,,,,臨地実習負担金,,30
,,,,しずおかカーボンニュートラル金融コンソーシアム補助金,,12
,,,,その他雑入,,184
,,,労働費雑入,,,1370
,,,,電気料等使用者負担金,,794
,,,,県市町村振興協会助成金,,276
,,,,労働啓発事業協賛金,,300
,,,農林水産業費雑入,,,8719
,,,,農業者年金業務受託手数料,,249
,,,,農業施設管理費負担金,,1500
,,,,ファミリー農園貸付料,,489
,,,,農業アカデミー参加者負担金,,90
,,,,農業用施設受益者負担金,,3961
,,,,江尾江川河川改修用地補償金,,365
,,,,林業関係イベント助成金,,350
,,,,バンジージャンプ利用料収入還元金,,1500
,,,,木工教室参加者負担金,,215
,,,商工費雑入,,,5931
,,,,産業交流展示場運営管理事業収益還元金,,2078
,,,,工場夜景事業参加者負担金,,36
,,,,かぐや姫イベント参加負担金,,503
,,,,観光カメラ利用料,,522
,,,,富士山麓環境共生事業地内転貸借貸付料,,213
,,,,国際交流支援事業助成金,,2579
,,,土木費雑入,,,20537
,,,,新富士駅等駅前広場維持管理負担金,,2355
,,,,自動車等損害賠償保険金収入,,2000
,,,,電気料等使用者負担金,,800
,,,,放置自転車等売却収入,,165
,,,,高速道路防災対策等助成金,,1300
,,,,県市町村振興協会助成金,,1384
,,,,自動販売機等設置手数料,,123
,,,,公園維持管理協力金,,405
,,,,コミュニティ交通協賛金,,2430
,,,,上堀団地外灯改修工事補償金,,293
,,,,第二東名IC周辺地区土地区画整理事業清算徴収金,,3249
,,,,地域公共交通計画改定清算金,,6000
,,,,田子の浦港にぎわい推進事業地内貸付料,,33
,,,消防費雑入,,,57932
,,,,消防団員退職報償金,,20250
,,,,消防団員等公務災害補償費,,2413
,,,,消防団員賞じゅつ見舞金,,200
,,,,高速道路救急業務支弁費,,4564
,,,,消防学校派遣職員負担金,,9603
,,,,自動車等損害賠償保険金収入,,1000
,,,,水防団員等公務災害補償費,,200
,,,,防災ラジオ配布事業負担金,,360
,,,,県都市自治振興協会交付金,,1000
,,,,消防業務賠償責任保険金収入,,1000
,,,,電気料等使用者負担金,,141
,,,,防災ヘリコプター派遣職員負担金,,10454
,,,,県市町村振興協会助成金,,2967
,,,,自動車損害賠償責任保険還付金,,10
,,,,自動販売機等設置手数料,,432
,,,,全国市長会防災・減災費用保険金収入,,3000
,,,,消防団員福祉共済加入事務費等収入,,190
,,,,自動車損害賠償共済等還付金,,120
,,,,その他雑入,,28
,,,教育費雑入,,,634055
,,,,会計年度任用職員雇用保険料負担金,,7557
,,,,スポーツ振興くじ助成金,,6327
,,,,市民大学参加者負担金,,4010
,,,,青少年体験交流事業参加者負担金,,1539
,,,,言語障害児指導相談事業費補助金,,355
,,,,市展出品者負担金,,330
,,,,市民歴史講座参加者負担金,,160
,,,,有償頒布物送付負担金,,6
,,,,遺跡発掘調査受託金,,19942
,,,,博物館事業参加者負担金,,154
,,,,まちづくりセンター講座参加者負担金,,2519
,,,,図書館利用者カード再発行料,,123
,,,,各種スポーツ事業参加者負担金,,620
,,,,電気料等使用者負担金,,883
,,,,給付費等請求管理システム利用者負担金,,184
,,,,雫石町少年交流事業参加者負担金,,420
,,,,青年教養講座参加者負担金,,326
,,,,学校保健会保護者負担金,,163
,,,,印刷機等利用者負担金,,185
,,,,日本スポーツ振興センター災害共済給付金収入,,11500
,,,,スポーツ施設派遣職員負担金,,12000
,,,,全国市長会学校災害賠償補償保険金収入,,2000
,,,,電力売払収入,,721
,,,,印刷物等広告料,,256
,,,,県市町村振興協会助成金,,444
,,,,ステップスクール・ふじ利用者施設見学等負担金,,19
,,,,図書館講座参加者負担金,,13
,,,,公衆電話使用料,,7
,,,,公衆電話手数料,,1
,,,,デジタル資料複写料等収入,,20
,,,,自動販売機等設置手数料,,4312
,,,,日本スポーツ振興センター災害共済掛金返還金,,235
,,,,研修システム利用者負担金,,84
,,,,学習用AIドリル保護者負担金,,20504
,,,,学校給食費負担金,,530583
,,,,ネーミングライツ収入,,5000
,,,,各種文化事業参加者負担金,,100
,,,,学校保健会活動助成金,,21
,,,,市立高校教員住宅使用料,,432
市債,,,,,5353100,7602600
,市債,,,,5353100,7602600
,,総務債,,,362800,479700
,,,総務管理債,,,479700
,,,,財産管理事業債,,121500
,,,,庁舎改修事業債,,98200
,,,,まちづくりセンター改修事業債,,170800
,,,,まちづくりセンター用地取得事業債,,29000
,,,,ワンストップ総合窓口システム更新事業債,,60200
,,民生債,,,162200,217900
,,,児童福祉債,,,152100
,,,,放課後児童クラブ整備事業債,,14000
,,,,保育園施設等改修事業債,,23200
,,,,私立保育園等整備費補助事業債,,114900
,,,障害福祉債,,,65800
,,,,ふじやま学園改修事業債,,40400
,,,,こども発達センター改修事業債,,25400
,,農林水産業債,,,117400,158900
,,,農業債,,,106300
,,,,農道等整備事業債,,106300
,,,林業債,,,52600
,,,,林道等整備事業債,,52600
,,商工債,,,20200,221000
,,,商工債,,,221000
,,,,産業交流展示場改修事業債,,146400
,,,,観光施設整備事業債,,74600
,,土木債,,,2792900,4036300
,,,土木管理債,,,36800
,,,,道路河川管理事業債,,21800
,,,,急傾斜地整備事業債,,15000
,,,道路橋梁債,,,1428600
,,,,道路整備事業債,,1428600
,,,河川債,,,393000
,,,,河川整備事業債,,393000
,,,港湾債,,,110600
,,,,港湾整備事業債,,110600
,,,都市計画債,,,1207000
,,,,都市計画事業債,,1207000
,,,,都市計画,,85300
,,,,街路,,358800
,,,,市街地整備,,762900
,,,公園債,,,382000
,,,,公園整備事業債,,382000
,,,住宅債,,,478300
,,,,市営住宅整備事業債,,478300
,,消防債,,,438100,1405200
,,,消防債,,,1405200
,,,,消防施設整備事業債,,1359000
,,,,防災基盤整備事業債,,46200
,,教育債,,,1289100,1067800
,,,小学校債,,,459600
,,,,小学校空調設備整備事業債,,21700
,,,,小学校屋内運動場リニューアル事業債,,172200
,,,,小学校校舎等改修事業債,,236200
,,,,田子浦小学校校舎改築事業債,,29500
,,,中学校債,,,400000
,,,,中学校空調設備整備事業債,,96800
,,,,中学校校舎等改修事業債,,204900
,,,,吉原第一中学校武道場整備事業債,,98300
,,,社会教育債,,,75000
,,,,文化財整備事業債,,30700
,,,,中央図書館改修事業債,,44300
,,,体育保健債,,,133200
,,,,富士体育館改修事業債,,15600
,,,,富士川体育館改修事業債,,14100
,,,,総合運動公園施設改修事業債,,12200
,,,,砂山公園プール改修事業債,,68300
,,,,屋外運動施設改修事業債,,23000
,,災害復旧債,,,36300,15800
,,,農林水産業施設災害復旧債,,,15800
,,,,林業施設災害復旧事業債,,15800
議会費,,,,,499446,488451
,議会費,,,,499446,488451
,,議会費,,,499446,488451
,,,報酬,,,205920
,,,,給与費（内訳 {'市議会議員32人': None}）,,352146
,,,給料,,,49604
,,,,一般職11人,,96733
,,,職員手当等,,,126760
,,,,管理職手当,,1925
,,,,扶養手当,,1318
,,,,地域手当,,2119
,,,,住居手当,,291
,,,,通勤手当,,1319
,,,,時間外勤務手当,,2000
,,,,休日勤務手当,,50
,,,,期末手当,,12061
,,,,勤勉手当,,9924
,,,,議員期末手当,,95753
,,,共済費,,,66595
,,,報償費,,,190
,,,旅費,,,3446
,,,,費用弁償,,2607
,,,,普通旅費,,9
,,,,特別旅費,,830
,,,交際費,,,180
,,,需用費,,,6264
,,,,消耗品費,,732
,,,,食糧費,,80
,,,,印刷製本費,,5452
,,,役務費,,,2219
,,,,通信運搬費,,1920
,,,,広告料,,264
,,,,手数料,,35
,,,委託料,,,7610
,,,使用料及び賃借料,,,5407
,,,備品購入費,,,229
,,,負担金、補助及び交付金,,,14027
,,,,負担金,,1739
,,,,交付金,,12288
総務費,,,,,9748999,9616154
,総務管理費,,,,8032062,7848456
,,一般管理費,,,2240363,2194678
,,,給料,,,829876
,,,職員手当等,,,1074874
,,,共済費,,,276350
,,,旅費,,,1212
,,,需用費,,,1379
,,,役務費,,,3289
,,,使用料及び賃借料,,,100
,,,負担金、補助及び交付金,,,2542
,,,積立金,,,5056
,,人事管理費,,,201504,205720
,,,報酬,,,56783
,,,職員手当等,,,12992
,,,共済費,,,51832
,,,災害補償費,,,50
,,,報償費,,,9540
,,,旅費,,,3906
,,,需用費,,,6022
,,,役務費,,,556
,,,委託料,,,55694
,,,使用料及び賃借料,,,2110
,,,備品購入費,,,389
,,,負担金、補助及び交付金,,,5846
,,文書費,,,67403,69625
,,,報酬,,,7038
,,,職員手当等,,,1682
,,,共済費,,,1395
,,,旅費,,,251
,,,需用費,,,11341
,,,役務費,,,31208
,,,委託料,,,8625
,,,使用料及び賃借料,,,7880
,,,備品購入費,,,94
,,,負担金、補助及び交付金,,,111
,,市史編さん費,,,4190,4484
,,,報酬,,,2988
,,,職員手当等,,,733
,,,共済費,,,550
,,,旅費,,,80
,,,需用費,,,133
,,広報広聴費,,,98016,94479
,,,報酬,,,4021
,,,報償費,,,100
,,,旅費,,,314
,,,需用費,,,42021
,,,役務費,,,12079
,,,委託料,,,23853
,,,使用料及び賃借料,,,10991
,,,備品購入費,,,30
,,,負担金、補助及び交付金,,,1070
,,シティプロモーション費,,,132911,129189
,,,報酬,,,4835
,,,職員手当等,,,1180
,,,共済費,,,952
,,,報償費,,,901
,,,旅費,,,526
,,,需用費,,,2896
,,,役務費,,,6618
,,,委託料,,,17524
,,,使用料及び賃借料,,,17200
,,,負担金、補助及び交付金,,,76557
,,市民相談費,,,16539,17291
,,,報酬,,,9476
,,,職員手当等,,,2321
,,,共済費,,,490
,,,報償費,,,1261
,,,旅費,,,335
,,,需用費,,,263
,,,委託料,,,2650
,,,負担金、補助及び交付金,,,95
,,,扶助費,,,400
,,消費者対策費,,,31322,30623
,,,報酬,,,16078
,,,職員手当等,,,3827
,,,共済費,,,3041
,,,報償費,,,195
,,,旅費,,,954
,,,需用費,,,1104
,,,役務費,,,541
,,,負担金、補助及び交付金,,,4883
,,男女共同参画費,,,18860,18926
,,,報酬,,,8524
,,,職員手当等,,,1212
,,,共済費,,,1018
,,,報償費,,,3618
,,,旅費,,,303
,,,需用費,,,1440
,,,役務費,,,90
,,,委託料,,,2622
,,,使用料及び賃借料,,,9
,,,備品購入費,,,90
,,財政管理費,,,4936,4008
,,,旅費,,,76
,,,需用費,,,591
,,,委託料,,,1760
,,,負担金、補助及び交付金,,,71
,,,積立金,,,1510
,,会計管理費,,,87506,85912
,,,報酬,,,829
,,,共済費,,,127
,,,旅費,,,79
,,,需用費,,,19706
,,,役務費,,,64712
,,,使用料及び賃借料,,,275
,,,備品購入費,,,147
,,,負担金、補助及び交付金,,,37
,,契約管理費,,,8656,8664
,,,報酬,,,2962
,,,職員手当等,,,675
,,,共済費,,,573
,,,旅費,,,146
,,,需用費,,,483
,,,使用料及び賃借料,,,274
,,,負担金、補助及び交付金,,,3551
,,工事検査費,,,567,711
,,,旅費,,,24
,,,需用費,,,395
,,,使用料及び賃借料,,,8
,,,備品購入費,,,211
,,,負担金、補助及び交付金,,,73
,,財産管理費,,,650496,893803
,,,報酬,,,20228
,,,職員手当等,,,4766
,,,共済費,,,3656
,,,旅費,,,439
,,,需用費,,,140368
,,,役務費,,,52372
,,,委託料,,,427030
,,,使用料及び賃借料,,,3310
,,,工事請負費,,,238000
,,,備品購入費,,,3500
,,,負担金、補助及び交付金,,,134
,,資産経営費,,,147317,77560
,,,報酬,,,2010
,,,旅費,,,219
,,,需用費,,,231
,,,委託料,,,38480
,,,使用料及び賃借料,,,465
,,,負担金、補助及び交付金,,,229
,,,積立金,,,35926
,,公用車管理費,,,76319,69930
,,,報酬,,,5706
,,,職員手当等,,,1370
,,,共済費,,,1054
,,,旅費,,,224
,,,需用費,,,27010
,,,役務費,,,4923
,,,委託料,,,586
,,,使用料及び賃借料,,,2259
,,,備品購入費,,,25500
,,,負担金、補助及び交付金,,,574
,,,公課費,,,724
,,企画費,,,49156,72924
,,,報酬,,,1248
,,,報償費,,,2519
,,,旅費,,,2388
,,,需用費,,,3685
,,,役務費,,,1419
,,,委託料,,,35716
,,,使用料及び賃借料,,,76
,,,負担金、補助及び交付金,,,25599
,,,積立金,,,274
,,行政経営費,,,1732,1755
,,,旅費,,,46
,,,需用費,,,193
,,,使用料及び賃借料,,,1419
,,,負担金、補助及び交付金,,,97
,,情報システム費,,,2551719,2260059
,,,報償費,,,297
,,,旅費,,,414
,,,需用費,,,3527
,,,役務費,,,64751
,,,委託料,,,1610688
,,,使用料及び賃借料,,,573989
,,,備品購入費,,,855
,,,負担金、補助及び交付金,,,5538
,,公平委員会費,,,391,405
,,,報酬,,,180
,,,旅費,,,108
,,,需用費,,,17
,,,負担金、補助及び交付金,,,100
,,地域振興費,,,162691,173645
,,,報酬,,,2421
,,,職員手当等,,,511
,,,共済費,,,425
,,,報償費,,,1929
,,,旅費,,,246
,,,需用費,,,3447
,,,役務費,,,41342
,,,委託料,,,4301
,,,負担金、補助及び交付金,,,119023
,,住居表示整備費,,,63,55
,,,需用費,,,55
,,式典行事費,,,1723,3754
,,,報酬,,,50
,,,報償費,,,1566
,,,需用費,,,685
,,,役務費,,,37
,,,委託料,,,1400
,,,使用料及び賃借料,,,16
,,多文化共生費,,,36167,36594
,,,報酬,,,21329
,,,職員手当等,,,3781
,,,共済費,,,3328
,,,報償費,,,2247
,,,旅費,,,1540
,,,需用費,,,1386
,,,役務費,,,387
,,,委託料,,,2030
,,,使用料及び賃借料,,,417
,,,備品購入費,,,149
,,防犯まちづくり費,,,53118,54275
,,,報酬,,,91
,,,報償費,,,265
,,,旅費,,,12
,,,需用費,,,1508
,,,役務費,,,12
,,,委託料,,,165
,,,使用料及び賃借料,,,646
,,,工事請負費,,,587
,,,負担金、補助及び交付金,,,50989
,,交通安全対策費,,,62592,69092
,,,報酬,,,2107
,,,職員手当等,,,516
,,,共済費,,,425
,,,報償費,,,18150
,,,旅費,,,94
,,,需用費,,,5953
,,,役務費,,,2618
,,,委託料,,,1731
,,,使用料及び賃借料,,,31
,,,負担金、補助及び交付金,,,37467
,,市民活動支援費,,,39523,29828
,,,報酬,,,533
,,,報償費,,,353
,,,旅費,,,24
,,,需用費,,,399
,,,役務費,,,3482
,,,委託料,,,23408
,,,使用料及び賃借料,,,1129
,,,負担金、補助及び交付金,,,500
,,市民交流施設費,,,103013,106440
,,,需用費,,,12228
,,,委託料,,,94112
,,,備品購入費,,,100
,,まちづくりセンター費,,,826658,726480
,,,報酬,,,52267
,,,給料,,,167159
,,,職員手当等,,,118819
,,,共済費,,,65063
,,,旅費,,,1757
,,,需用費,,,54892
,,,役務費,,,6074
,,,委託料,,,202514
,,,使用料及び賃借料,,,8430
,,,工事請負費,,,16060
,,,公有財産購入費,,,30585
,,,備品購入費,,,2730
,,,負担金、補助及び交付金,,,130
,,まちづくりセンター建設費,,,159436,190281
,,,需用費,,,88
,,,役務費,,,193
,,,委託料,,,28000
,,,工事請負費,,,156000
,,,備品購入費,,,6000
,,財政調整基金費,,,36175,56266
,,,積立金,,,56266
,,諸費,,,161000,161000
,,,補償、補填及び賠償金,,,1000
,,,償還金、利子及び割引料,,,160000
,徴税費,,,,901591,929257
,,税務総務費,,,636677,687680
,,,報酬,,,16658
,,,給料,,,336435
,,,職員手当等,,,219751
,,,共済費,,,112060
,,,報償費,,,6
,,,旅費,,,809
,,,需用費,,,1083
,,,役務費,,,136
,,,負担金、補助及び交付金,,,742
,,賦課徴収費,,,264914,241577
,,,報酬,,,27077
,,,職員手当等,,,4944
,,,共済費,,,5023
,,,旅費,,,2070
,,,需用費,,,6750
,,,役務費,,,62522
,,,委託料,,,65416
,,,使用料及び賃借料,,,17531
,,,備品購入費,,,155
,,,負担金、補助及び交付金,,,49789
,,,償還金、利子及び割引料,,,300
,戸籍住民基本台帳費,,,,537111,663894
,,戸籍住民基本台帳費,,,537111,663894
,,,報酬,,,51749
,,,給料,,,147440
,,,職員手当等,,,102262
,,,共済費,,,57879
,,,旅費,,,1944
,,,需用費,,,6940
,,,役務費,,,9208
,,,委託料,,,218417
,,,使用料及び賃借料,,,35666
,,,備品購入費,,,27514
,,,負担金、補助及び交付金,,,4875
,選挙費,,,,181198,72917
,,選挙管理委員会費,,,46054,48417
,,,報酬,,,2692
,,,給料,,,23097
,,,職員手当等,,,14663
,,,共済費,,,7397
,,,旅費,,,82
,,,需用費,,,155
,,,役務費,,,17
,,,負担金、補助及び交付金,,,314
,,常時啓発費,,,598,551
,,,報償費,,,85
,,,旅費,,,7
,,,需用費,,,184
,,,役務費,,,220
,,,負担金、補助及び交付金,,,55
,,静岡県議会議員選挙準備費,,,0,14016
,,,報酬,,,300
,,,職員手当等,,,3521
,,,報償費,,,654
,,,旅費,,,43
,,,需用費,,,1654
,,,役務費,,,5790
,,,委託料,,,1958
,,,備品購入費,,,96
,,富士市議会議員選挙準備費,,,0,9933
,,,報償費,,,605
,,,需用費,,,3336
,,,役務費,,,4913
,,,委託料,,,1079
,統計調査費,,,,135440,36169
,,統計調査総務費,,,24220,36169
,,,報酬,,,13785
,,,給料,,,9667
,,,職員手当等,,,6527
,,,共済費,,,4062
,,,報償費,,,4
,,,旅費,,,214
,,,需用費,,,583
,,,役務費,,,1210
,,,負担金、補助及び交付金,,,117
,監査委員費,,,,63599,65461
,,監査委員費,,,63599,65461
,,,報酬,,,2220
,,,給料,,,33439
,,,職員手当等,,,18227
,,,共済費,,,10604
,,,旅費,,,234
,,,需用費,,,337
,,,役務費,,,3
,,,委託料,,,217
,,,負担金、補助及び交付金,,,180
民生費,,,,,42316585,43341693
,社会福祉費,,,,5756298,5901283
,,社会福祉総務費,,,1832087,1933492
,,,報酬,,,27050
,,,給料,,,118851
,,,職員手当等,,,94399
,,,共済費,,,53033
,,,報償費,,,5180
,,,旅費,,,4012
,,,需用費,,,2760
,,,役務費,,,5459
,,,委託料,,,95582
,,,使用料及び賃借料,,,62
,,,負担金、補助及び交付金,,,1527104
,,老人福祉費,,,3924211,3967791
,,,報酬,,,88972
,,,給料,,,103629
,,,職員手当等,,,72067
,,,共済費,,,52133
,,,報償費,,,1003
,,,旅費,,,3043
,,,需用費,,,5419
,,,役務費,,,2430
,,,委託料,,,323971
,,,使用料及び賃借料,,,1628
,,,備品購入費,,,310
,,,負担金、補助及び交付金,,,54718
,,,扶助費,,,8245
,,,償還金、利子及び割引料,,,371
,,,繰出金,,,3256364
,児童福祉費,,,,17791687,18672331
,,子ども子育て支援費,,,973195,1035409
,,,報酬,,,73100
,,,給料,,,129525
,,,職員手当等,,,113895
,,,共済費,,,57135
,,,報償費,,,899
,,,旅費,,,3453
,,,需用費,,,29063
,,,役務費,,,2659
,,,委託料,,,606642
,,,使用料及び賃借料,,,6249
,,,備品購入費,,,2700
,,,負担金、補助及び交付金,,,10088
,,,償還金、利子及び割引料,,,1
,,こども家庭費,,,329862,362526
,,,報酬,,,22224
,,,給料,,,6195
,,,職員手当等,,,8630
,,,共済費,,,6009
,,,報償費,,,332
,,,旅費,,,590
,,,需用費,,,882
,,,役務費,,,684
,,,委託料,,,11530
,,,使用料及び賃借料,,,390
,,,負担金、補助及び交付金,,,156888
,,,扶助費,,,148171
,,,償還金、利子及び割引料,,,1
,,ひとり親家庭等対策費,,,83289,97630
,,,旅費,,,4
,,,需用費,,,155
,,,役務費,,,3028
,,,委託料,,,500
,,,扶助費,,,93942
,,,償還金、利子及び割引料,,,1
,,児童手当費,,,4938265,4904741
,,,報酬,,,9918
,,,職員手当等,,,2222
,,,共済費,,,1937
,,,旅費,,,410
,,,需用費,,,507
,,,役務費,,,1066
,,,扶助費,,,4888680
,,,償還金、利子及び割引料,,,1
,,児童扶養手当費,,,895130,905353
,,,報酬,,,6473
,,,職員手当等,,,1340
,,,共済費,,,1078
,,,旅費,,,327
,,,需用費,,,234
,,,役務費,,,900
,,,扶助費,,,895000
,,,償還金、利子及び割引料,,,1
,,こども医療費,,,1228621,1200458
,,,報酬,,,5105
,,,職員手当等,,,1247
,,,共済費,,,1024
,,,旅費,,,178
,,,需用費,,,157
,,,役務費,,,77887
,,,扶助費,,,1114860
,,保育園費,,,2837935,2695754
,,,報酬,,,462472
,,,給料,,,895080
,,,職員手当等,,,628282
,,,共済費,,,360955
,,,報償費,,,5697
,,,旅費,,,20496
,,,需用費,,,215456
,,,役務費,,,4775
,,,委託料,,,22949
,,,使用料及び賃借料,,,28496
,,,工事請負費,,,39900
,,,原材料費,,,333
,,,備品購入費,,,8546
,,,負担金、補助及び交付金,,,1317
,,,補償、補填及び賠償金,,,1000
,,保育園振興費,,,6505390,7470460
,,,委託料,,,68331
,,,使用料及び賃借料,,,4252
,,,負担金、補助及び交付金,,,1171242
,,,扶助費,,,6226635
,障害者福祉費,,,,10344870,10931297
,,障害者福祉総務費,,,6578,9972
,,,報酬,,,4977
,,,職員手当等,,,1215
,,,共済費,,,994
,,,旅費,,,164
,,,需用費,,,862
,,,役務費,,,1700
,,,負担金、補助及び交付金,,,60
,,障害者医療手当給付費,,,637729,629824
,,,需用費,,,118
,,,役務費,,,15920
,,,委託料,,,1154
,,,負担金、補助及び交付金,,,33487
,,,扶助費,,,578145
,,,貸付金,,,1000
,,障害者自立支援費,,,8929730,9448249
,,,報酬,,,7243
,,,職員手当等,,,1255
,,,共済費,,,1060
,,,報償費,,,3107
,,,旅費,,,261
,,,需用費,,,214
,,,役務費,,,9927
,,,委託料,,,45253
,,,使用料及び賃借料,,,1469
,,,負担金、補助及び交付金,,,865
,,,扶助費,,,9377288
,,,償還金、利子及び割引料,,,307
,,障害者援護事業費,,,60156,60555
,,,報償費,,,714
,,,旅費,,,44
,,,需用費,,,749
,,,役務費,,,13
,,,委託料,,,34268
,,,負担金、補助及び交付金,,,767
,,,扶助費,,,24000
,,障害児入所施設費,,,341485,381841
,,,報酬,,,9469
,,,給料,,,107653
,,,職員手当等,,,80689
,,,共済費,,,38837
,,,報償費,,,8
,,,旅費,,,805
,,,需用費,,,90529
,,,役務費,,,1900
,,,委託料,,,33774
,,,使用料及び賃借料,,,1461
,,,備品購入費,,,7569
,,,負担金、補助及び交付金,,,452
,,,扶助費,,,8695
,,こども発達センター費,,,369192,400856
,,,報酬,,,37591
,,,給料,,,143706
,,,職員手当等,,,88040
,,,共済費,,,52003
,,,報償費,,,455
,,,旅費,,,1752
,,,需用費,,,6690
,,,役務費,,,1141
,,,委託料,,,33025
,,,使用料及び賃借料,,,994
,,,工事請負費,,,34108
,,,原材料費,,,28
,,,備品購入費,,,774
,,,負担金、補助及び交付金,,,549
,生活保護費,,,,3899011,3868390
,,生活保護総務費,,,285788,295167
,,,報酬,,,33671
,,,給料,,,103785
,,,職員手当等,,,94277
,,,共済費,,,44852
,,,報償費,,,556
,,,旅費,,,1509
,,,需用費,,,1618
,,,役務費,,,8630
,,,委託料,,,5770
,,,使用料及び賃借料,,,283
,,,負担金、補助及び交付金,,,215
,,,償還金、利子及び割引料,,,1
,,扶助費,,,3613223,3573223
,,,報償費,,,179
,,,旅費,,,13
,,,役務費,,,18
,,,扶助費,,,3573012
,,,償還金、利子及び割引料,,,1
,災害救助費,,,,508,808
,,災害救助費,,,508,808
,,,旅費,,,1
,,,需用費,,,7
,,,扶助費,,,800
衛生費,,,,,10035952,10396106
,保健衛生費,,,,3002882,3049304
,,保健衛生総務費,,,803429,865315
,,,報酬,,,6086
,,,給料,,,226046
,,,職員手当等,,,138328
,,,共済費,,,74795
,,,報償費,,,139
,,,旅費,,,312
,,,需用費,,,5953
,,,役務費,,,509
,,,委託料,,,369624
,,,使用料及び賃借料,,,10821
,,,備品購入費,,,2312
,,,負担金、補助及び交付金,,,30390
,,予防接種費,,,943749,899458
,,,報酬,,,10206
,,,職員手当等,,,816
,,,共済費,,,665
,,,報償費,,,30
,,,旅費,,,527
,,,需用費,,,11055
,,,役務費,,,4451
,,,委託料,,,867255
,,,負担金、補助及び交付金,,,2953
,,,補償、補填及び賠償金,,,1500
,,動物愛護管理費,,,14365,13273
,,,報酬,,,2632
,,,職員手当等,,,643
,,,共済費,,,534
,,,旅費,,,105
,,,需用費,,,720
,,,役務費,,,3031
,,,委託料,,,360
,,,負担金、補助及び交付金,,,5248
,,保健活動費,,,549755,563424
,,,報酬,,,20225
,,,職員手当等,,,2188
,,,共済費,,,1521
,,,報償費,,,5126
,,,旅費,,,1464
,,,需用費,,,11631
,,,役務費,,,20549
,,,委託料,,,437774
,,,使用料及び賃借料,,,640
,,,備品購入費,,,605
,,,負担金、補助及び交付金,,,61542
,,,扶助費,,,154
,,,償還金、利子及び割引料,,,5
,,健康ふじ21推進費,,,20834,16901
,,,報酬,,,354
,,,報償費,,,775
,,,旅費,,,116
,,,需用費,,,2604
,,,役務費,,,1777
,,,委託料,,,11224
,,,負担金、補助及び交付金,,,51
,,指定難病等対策費,,,30188,30090
,,,需用費,,,99
,,,委託料,,,1141
,,,負担金、補助及び交付金,,,920
,,,扶助費,,,27930
,,環境衛生費,,,78129,97479
,,,報酬,,,2724
,,,職員手当等,,,665
,,,共済費,,,537
,,,旅費,,,170
,,,需用費,,,3528
,,,役務費,,,16
,,,委託料,,,7616
,,,負担金、補助及び交付金,,,82223
,,森林墓園費,,,30990,39614
,,,報酬,,,6870
,,,職員手当等,,,1678
,,,共済費,,,1421
,,,旅費,,,643
,,,需用費,,,3926
,,,役務費,,,767
,,,委託料,,,23546
,,,使用料及び賃借料,,,763
,,斎場費,,,135546,148803
,,,報酬,,,33640
,,,給料,,,4402
,,,職員手当等,,,9733
,,,共済費,,,7546
,,,旅費,,,903
,,,需用費,,,56820
,,,役務費,,,105
,,,委託料,,,32750
,,,使用料及び賃借料,,,1092
,,,工事請負費,,,734
,,,備品購入費,,,1078
,,フィランセ費,,,135302,135677
,,,報酬,,,8263
,,,職員手当等,,,2020
,,,共済費,,,1585
,,,旅費,,,320
,,,需用費,,,19529
,,,役務費,,,2461
,,,委託料,,,79890
,,,使用料及び賃借料,,,21353
,,,備品購入費,,,248
,,,負担金、補助及び交付金,,,8
,,看護専門学校費,,,260595,239270
,,,報酬,,,6886
,,,給料,,,89467
,,,職員手当等,,,60147
,,,共済費,,,31447
,,,報償費,,,8995
,,,旅費,,,2054
,,,需用費,,,7714
,,,役務費,,,712
,,,委託料,,,16551
,,,使用料及び賃借料,,,12749
,,,備品購入費,,,1789
,,,負担金、補助及び交付金,,,759
,清掃費,,,,3326667,3463928
,,清掃総務費,,,578944,602842
,,,報酬,,,262
,,,給料,,,233620
,,,職員手当等,,,148517
,,,共済費,,,78562
,,,報償費,,,1036
,,,旅費,,,345
,,,需用費,,,6044
,,,役務費,,,174
,,,委託料,,,133263
,,,使用料及び賃借料,,,632
,,,備品購入費,,,193
,,,負担金、補助及び交付金,,,194
,,塵芥処理費,,,1935263,2035748
,,,報酬,,,22479
,,,職員手当等,,,4761
,,,共済費,,,4322
,,,報償費,,,3100
,,,旅費,,,1301
,,,需用費,,,20730
,,,役務費,,,3067
,,,委託料,,,1959997
,,,使用料及び賃借料,,,4570
,,,工事請負費,,,1098
,,,備品購入費,,,320
,,,負担金、補助及び交付金,,,3469
,,,積立金,,,5359
,,,公課費,,,1175
,,生活排水処理費,,,747130,767918
,,,報酬,,,9865
,,,給料,,,31002
,,,職員手当等,,,22901
,,,共済費,,,12173
,,,旅費,,,793
,,,需用費,,,6714
,,,役務費,,,28441
,,,委託料,,,373152
,,,使用料及び賃借料,,,13
,,,工事請負費,,,13640
,,,備品購入費,,,12850
,,,負担金、補助及び交付金,,,256374
,,新環境クリーンセンター循環啓発棟費,,,65330,57420
,,,需用費,,,2300
,,,委託料,,,55120
,環境対策費,,,,929503,925484
,,環境政策費,,,380170,369343
,,,報酬,,,6949
,,,給料,,,144255
,,,職員手当等,,,94608
,,,共済費,,,49812
,,,報償費,,,3383
,,,旅費,,,497
,,,需用費,,,2842
,,,役務費,,,1145
,,,委託料,,,8197
,,,使用料及び賃借料,,,24
,,,工事請負費,,,180
,,,負担金、補助及び交付金,,,47410
,,,積立金,,,10041
,,環境保全費,,,56169,57534
,,,報酬,,,2406
,,,職員手当等,,,588
,,,共済費,,,454
,,,旅費,,,250
,,,需用費,,,2385
,,,役務費,,,522
,,,委託料,,,37574
,,,使用料及び賃借料,,,4115
,,,工事請負費,,,7000
,,,備品購入費,,,585
,,,負担金、補助及び交付金,,,1655
,,自然保護費,,,14001,15593
,,,報酬,,,2742
,,,職員手当等,,,606
,,,共済費,,,493
,,,旅費,,,70
,,,需用費,,,627
,,,役務費,,,488
,,,委託料,,,7515
,,,使用料及び賃借料,,,198
,,,備品購入費,,,654
,,,負担金、補助及び交付金,,,2200
,,公害病補償給付費,,,476060,479713
,,,報酬,,,3195
,,,給料,,,12030
,,,職員手当等,,,7397
,,,共済費,,,3991
,,,報償費,,,28
,,,旅費,,,235
,,,需用費,,,501
,,,役務費,,,11071
,,,委託料,,,983
,,,負担金、補助及び交付金,,,6
,,,扶助費,,,694
,,,補償、補填及び賠償金,,,439581
,,,償還金、利子及び割引料,,,1
,,健康被害予防費,,,3103,3301
,,,報償費,,,140
,,,需用費,,,461
,,,委託料,,,2700
労働費,,,,,256499,159963
,労働費,,,,256499,159963
,,労政費,,,114424,132209
,,,報酬,,,1343
,,,給料,,,19614
,,,職員手当等,,,12860
,,,共済費,,,6523
,,,報償費,,,867
,,,旅費,,,140
,,,需用費,,,611
,,,役務費,,,88
,,,委託料,,,20324
,,,負担金、補助及び交付金,,,69839
,,高齢者就業費,,,69082,27754
,,,需用費,,,1498
,,,委託料,,,3252
,,,使用料及び賃借料,,,4
,,,負担金、補助及び交付金,,,23000
農林水産業費,,,,,982157,1010897
,農業費,,,,547555,575433
,,農業委員会費,,,46623,49752
,,,報酬,,,11853
,,,給料,,,18397
,,,職員手当等,,,10985
,,,共済費,,,6091
,,,報償費,,,5
,,,旅費,,,188
,,,需用費,,,416
,,,役務費,,,28
,,,委託料,,,883
,,,負担金、補助及び交付金,,,906
,,農業総務費,,,99984,96889
,,,報酬,,,3244
,,,給料,,,46318
,,,職員手当等,,,31150
,,,共済費,,,15971
,,,旅費,,,151
,,,需用費,,,55
,,農業振興費,,,35782,45886
,,,報酬,,,5967
,,,職員手当等,,,1448
,,,共済費,,,1161
,,,報償費,,,262
,,,旅費,,,461
,,,需用費,,,600
,,,役務費,,,752
,,,委託料,,,1880
,,,使用料及び賃借料,,,533
,,,負担金、補助及び交付金,,,32822
,,畜産業費,,,75,42
,,,旅費,,,9
,,,需用費,,,17
,,,負担金、補助及び交付金,,,16
,,土地改良費,,,274551,279813
,,,給料,,,17724
,,,職員手当等,,,12436
,,,共済費,,,5871
,,,旅費,,,33
,,,需用費,,,166
,,,委託料,,,3300
,,,工事請負費,,,52000
,,,負担金、補助及び交付金,,,180130
,,,補償、補填及び賠償金,,,8120
,,,積立金,,,33
,,農業施設管理費,,,90540,103051
,,,旅費,,,47
,,,需用費,,,18699
,,,役務費,,,1343
,,,委託料,,,17135
,,,工事請負費,,,62700
,,,原材料費,,,570
,,,公有財産購入費,,,150
,,,備品購入費,,,2329
,,,負担金、補助及び交付金,,,78
,林業費,,,,431652,432880
,,林業総務費,,,58135,61191
,,,給料,,,28128
,,,職員手当等,,,20205
,,,共済費,,,9887
,,,報償費,,,360
,,,旅費,,,101
,,,需用費,,,22
,,,委託料,,,48
,,,原材料費,,,105
,,,負担金、補助及び交付金,,,2335
,,林業振興費,,,220484,219036
,,,報酬,,,2812
,,,職員手当等,,,690
,,,共済費,,,511
,,,報償費,,,56
,,,旅費,,,401
,,,需用費,,,907
,,,役務費,,,1676
,,,委託料,,,73170
,,,使用料及び賃借料,,,314
,,,工事請負費,,,1192
,,,原材料費,,,1459
,,,負担金、補助及び交付金,,,56824
,,,積立金,,,79024
,,林道維持修繕費,,,53318,48482
,,,旅費,,,13
,,,委託料,,,25303
,,,工事請負費,,,21785
,,,原材料費,,,1380
,,,負担金、補助及び交付金,,,1
,,林業施設整備費,,,76901,78521
,,,給料,,,8529
,,,職員手当等,,,6756
,,,共済費,,,3178
,,,旅費,,,102
,,,需用費,,,1280
,,,委託料,,,1300
,,,使用料及び賃借料,,,72
,,,工事請負費,,,40980
,,,備品購入費,,,100
,,,負担金、補助及び交付金,,,16224
,,保健休養林費,,,22814,25650
,,,需用費,,,6136
,,,役務費,,,264
,,,委託料,,,14200
,,,工事請負費,,,5000
,,,負担金、補助及び交付金,,,50
,水産業費,,,,2950,2584
,,水産業振興費,,,2950,2584
,,,旅費,,,35
,,,需用費,,,184
,,,委託料,,,1293
,,,負担金、補助及び交付金,,,1072
商工費,,,,,4156662,5525329
,商工費,,,,4156662,5525329
,,産業政策総務費,,,419805,406760
,,,報酬,,,5082
,,,給料,,,185227
,,,職員手当等,,,148058
,,,共済費,,,66428
,,,旅費,,,886
,,,需用費,,,1067
,,,使用料及び賃借料,,,12
,,産業政策推進費,,,3077468,4180346
,,,旅費,,,1098
,,,需用費,,,278
,,,役務費,,,720065
,,,委託料,,,2221568
,,,使用料及び賃借料,,,1369
,,,負担金、補助及び交付金,,,765968
,,,繰出金,,,470000
,,産業支援費,,,274090,274966
,,,報酬,,,3080
,,,職員手当等,,,606
,,,共済費,,,493
,,,報償費,,,555
,,,旅費,,,396
,,,需用費,,,949
,,,役務費,,,541
,,,委託料,,,80241
,,,使用料及び賃借料,,,3224
,,,工事請負費,,,1500
,,,備品購入費,,,1300
,,,負担金、補助及び交付金,,,182081
,,工業振興費,,,34576,58861
,,,報償費,,,2138
,,,旅費,,,1450
,,,需用費,,,698
,,,役務費,,,21
,,,委託料,,,46123
,,,使用料及び賃借料,,,195
,,,負担金、補助及び交付金,,,8236
,,商業振興費,,,46537,197154
,,,旅費,,,12
,,,需用費,,,51144
,,,委託料,,,3155
,,,使用料及び賃借料,,,289
,,,工事請負費,,,126400
,,,備品購入費,,,234
,,,負担金、補助及び交付金,,,15920
,,交流観光費,,,276239,307981
,,,報酬,,,6570
,,,職員手当等,,,1248
,,,共済費,,,1239
,,,報償費,,,2606
,,,旅費,,,1376
,,,需用費,,,10219
,,,役務費,,,722
,,,委託料,,,89704
,,,使用料及び賃借料,,,6078
,,,工事請負費,,,1200
,,,備品購入費,,,110
,,,負担金、補助及び交付金,,,184165
,,,積立金,,,2744
,,計量費,,,108,1761
,,,旅費,,,60
,,,需用費,,,4
,,,委託料,,,1572
,,,使用料及び賃借料,,,107
,,,負担金、補助及び交付金,,,18
,,新富士駅施設費,,,5996,5549
,,,需用費,,,2790
,,,委託料,,,2759
,,富士川楽座施設費,,,21843,91951
,,,需用費,,,3915
,,,委託料,,,37900
,,,使用料及び賃借料,,,5136
,,,工事請負費,,,45000
土木費,,,,,12401413,13904324
,土木管理費,,,,972355,1011645
,,土木総務費,,,972355,1011645
,,,報酬,,,3024
,,,給料,,,322176
,,,職員手当等,,,262308
,,,,管理職手当,,11074
,,,,扶養手当,,10146
,,,,地域手当,,12931
,,,,住居手当,,3685
,,,,通勤手当,,7672
,,,,時間外勤務手当,,33000
,,,,休日勤務手当,,300
,,,,期末手当,,75576
,,,,勤勉手当,,63424
,,,,退職手当,,44500
,,,共済費,,,120398
,,,報償費,,,224
,,,旅費,,,1098
,,,,費用弁償,,328
,,,,普通旅費,,620
,,,,特別旅費,,150
,,,需用費,,,3099
,,,,消耗品費,,2119
,,,,燃料費,,450
,,,,印刷製本費,,130
,,,,修繕料,,400
,,,役務費,,,1011
,,,,通信運搬費,,510
,,,,手数料,,267
,,,,保険料,,234
,,,委託料,,,279889
,,,使用料及び賃借料,,,17193
,,,負担金、補助及び交付金,,,1225
,,,,負担金,,1225
,道路橋梁費,,,,3685971,3929424
,,道路維持費,,,1241555,1236684
,,,報酬,,,31584
,,,職員手当等,,,4914
,,,,期末手当,,4207
,,,,勤勉手当,,707
,,,共済費,,,7002
,,,旅費,,,56
,,,,普通旅費,,56
,,,需用費,,,128696
,,,,消耗品費,,5726
,,,,燃料費,,2170
,,,,光熱水費,,37000
,,,,修繕料,,83800
,,,役務費,,,1946
,,,,通信運搬費,,46
,,,,手数料,,450
,,,,保険料,,650
,,,,自動車損害保険料,,800
,,,委託料,,,363000
,,,使用料及び賃借料,,,4856
,,,工事請負費,,,639600
,,,原材料費,,,45000
,,,公有財産購入費,,,8000
,,,公課費,,,2030
,,道路新設改良費,,,1703816,1934190
,,,旅費,,,54
,,,,普通旅費,,54
,,,需用費,,,150
,,,,消耗品費,,150
,,,委託料,,,300086
,,,工事請負費,,,1363400
,,,公有財産購入費,,,186000
,,,補償、補填及び賠償金,,,84500
,,,,補償金,,84500
,,橋梁維持費,,,537000,533750
,,,需用費,,,100
,,,,消耗品費,,100
,,,委託料,,,276650
,,,工事請負費,,,257000
,,交通安全施設費,,,203600,224800
,,,需用費,,,2050
,,,,消耗品費,,1600
,,,,修繕料,,450
,,,委託料,,,69750
,,,工事請負費,,,153000
,河川費,,,,245200,290188
,,河川維持費,,,83100,66288
,,,需用費,,,14288
,,,,光熱水費,,1188
,,,,修繕料,,13100
,,,委託料,,,32000
,,,工事請負費,,,20000
,,河川改良費,,,122100,182400
,,,委託料,,,24000
,,,工事請負費,,,148500
,,,公有財産購入費,,,9900
,,砂防費,,,40000,41500
,,,委託料,,,3000
,,,工事請負費,,,38500
,港湾費,,,,76400,87400
,,港湾管理費,,,76400,87400
,,,旅費,,,100
,,,,普通旅費,,100
,,,需用費,,,500
,,,,消耗品費,,500
,,,委託料,,,800
,,,負担金、補助及び交付金,,,86000
,,,,負担金,,86000
,都市計画費,,,,6389833,7193009
,,都市計画総務費,,,3549497,3986076
,,,報酬,,,1064
,,,報償費,,,306
,,,旅費,,,429
,,,,費用弁償,,79
,,,,普通旅費,,220
,,,,特別旅費,,130
,,,需用費,,,1440
,,,,消耗品費,,1065
,,,,印刷製本費,,375
,,,役務費,,,316
,,,,通信運搬費,,246
,,,,広告料,,70
,,,委託料,,,58595
,,,使用料及び賃借料,,,1062
,,,負担金、補助及び交付金,,,3922864
,,,,負担金,,1086
,,,,補助金,,3921778
,,土地区画整理費,,,2295936,2655133
,,,報酬,,,368
,,,旅費,,,132
,,,,費用弁償,,102
,,,,普通旅費,,30
,,,需用費,,,375
,,,,消耗品費,,280
,,,,印刷製本費,,95
,,,役務費,,,100
,,,,通信運搬費,,100
,,,委託料,,,335458
,,,使用料及び賃借料,,,300
,,,工事請負費,,,1588400
,,,公有財産購入費,,,220000
,,,補償、補填及び賠償金,,,510000
,,,,補償金,,510000
,,市街地開発費,,,544400,551800
,,,旅費,,,100
,,,,普通旅費,,100
,,,需用費,,,100
,,,,消耗品費,,100
,,,委託料,,,122100
,,,負担金、補助及び交付金,,,429500
,,,,負担金,,11500
,,,,補助金,,418000
,街路費,,,,319100,296700
,,街路費,,,319100,296700
,,,委託料,,,19700
,,,工事請負費,,,100000
,,,公有財産購入費,,,160000
,,,補償、補填及び賠償金,,,17000
,,,,補償金,,17000
,公園費,,,,900700,1112079
,,公園管理費,,,580600,706779
,,,報酬,,,60
,,,報償費,,,126
,,,旅費,,,106
,,,,費用弁償,,6
,,,,普通旅費,,100
,,,需用費,,,85723
,,,,消耗品費,,700
,,,,燃料費,,23
,,,,光熱水費,,60000
,,,,修繕料,,25000
,,,役務費,,,9200
,,,,通信運搬費,,200
,,,,手数料,,7000
,,,,保険料,,2000
,,,委託料,,,406094
,,,使用料及び賃借料,,,21870
,,,工事請負費,,,180000
,,,負担金、補助及び交付金,,,3600
,,,,負担金,,500
,,,,補助金,,3100
,,公園新設改良費,,,320100,405300
,,,旅費,,,100
,,,,普通旅費,,100
,,,委託料,,,34200
,,,工事請負費,,,358000
,,,公有財産購入費,,,3000
,,,補償、補填及び賠償金,,,10000
,,,,補償金,,10000
,住宅費,,,,812854,983879
,,住宅管理費,,,632904,655358
,,,報酬,,,7784
,,,職員手当等,,,1361
,,,,期末手当,,1166
,,,,勤勉手当,,195
,,,共済費,,,1752
,,,旅費,,,238
,,,,費用弁償,,118
,,,,普通旅費,,120
,,,需用費,,,42217
,,,,消耗品費,,3390
,,,,燃料費,,100
,,,,印刷製本費,,87
,,,,光熱水費,,20040
,,,,修繕料,,18600
,,,役務費,,,24652
,,,,通信運搬費,,1532
,,,,手数料,,22970
,,,,保険料,,150
,,,委託料,,,194850
,,,使用料及び賃借料,,,3654
,,,工事請負費,,,315000
,,,原材料費,,,500
,,,備品購入費,,,220
,,,負担金、補助及び交付金,,,63130
,,,,負担金,,98
,,,,補助金,,63032
,,空家対策費,,,37950,41821
,,,報酬,,,100
,,,旅費,,,110
,,,,普通旅費,,1
,,,,特別旅費,,109
,,,需用費,,,1194
,,,,消耗品費,,182
,,,,食糧費,,7
,,,,印刷製本費,,840
,,,,修繕料,,165
,,,役務費,,,2000
,,,,手数料,,2000
,,,委託料,,,10376
,,,負担金、補助及び交付金,,,26251
,,,,負担金,,351
,,,,補助金,,25900
,,,公課費,,,1790
,,住宅新築費,,,142000,286700
,,,旅費,,,100
,,,,普通旅費,,100
,,,委託料,,,12600
,,,工事請負費,,,274000
消防費,,,,,4894325,6082682
,消防費,,,,3947692,6082682
,,常備消防費,,,3052633,4970456
,,,報酬,,,8622
,,,給料,,,1342176
,,,職員手当等,,,997215
,,,,管理職手当,,6796
,,,,扶養手当,,57342
,,,,地域手当,,56909
,,,,住居手当,,16315
,,,,通勤手当,,38324
,,,,特殊勤務手当,,18000
,,,,時間外勤務手当,,65720
,,,,休日勤務手当,,113000
,,,,夜間勤務手当,,34000
,,,,宿日直手当,,200
,,,,期末手当,,326905
,,,,勤勉手当,,262888
,,,,単身赴任手当,,816
,,,共済費,,,467938
,,,報償費,,,808
,,,旅費,,,4600
,,,,費用弁償,,278
,,,,普通旅費,,1865
,,,,特別旅費,,2457
,,,需用費,,,119404
,,,,消耗品費,,37291
,,,,燃料費,,16213
,,,,食糧費,,82
,,,,印刷製本費,,2724
,,,,光熱水費,,12468
,,,,修繕料,,50626
,,,役務費,,,21969
,,,,通信運搬費,,17584
,,,,手数料,,2257
,,,,保険料,,882
,,,,自動車損害保険料,,1246
,,,委託料,,,1837162
,,,使用料及び賃借料,,,38859
,,,工事請負費,,,63374
,,,原材料費,,,661
,,,備品購入費,,,36849
,,,負担金、補助及び交付金,,,28116
,,,,負担金,,21986
,,,,補助金,,6130
,,,補償、補填及び賠償金,,,1000
,,,,賠償金,,1000
,,,公課費,,,1703
,,非常備消防費,,,171953,164183
,,,報酬,,,66936
,,,災害補償費,,,2414
,,,報償費,,,20750
,,,旅費,,,177
,,,,費用弁償,,149
,,,,普通旅費,,5
,,,,特別旅費,,23
,,,需用費,,,14487
,,,,消耗品費,,4025
,,,,燃料費,,621
,,,,印刷製本費,,264
,,,,光熱水費,,2877
,,,,修繕料,,6700
,,,役務費,,,1161
,,,,手数料,,66
,,,,保険料,,440
,,,,自動車損害保険料,,655
,,,委託料,,,1557
,,,使用料及び賃借料,,,4259
,,,工事請負費,,,10650
,,,負担金、補助及び交付金,,,41099
,,,,負担金,,22329
,,,,補助金,,2490
,,,,交付金,,16280
,,,公課費,,,693
,,消防施設費,,,496760,659497
,,,旅費,,,466
,,,,普通旅費,,466
,,,需用費,,,644
,,,,消耗品費,,634
,,,,印刷製本費,,10
,,,役務費,,,1128
,,,,手数料,,1128
,,,工事請負費,,,16000
,,,備品購入費,,,330803
,,,負担金、補助及び交付金,,,310456
,,,,負担金,,310456
,,水防費,,,18781,25962
,,,報酬,,,4471
,,,災害補償費,,,200
,,,報償費,,,11
,,,旅費,,,18
,,,,普通旅費,,18
,,,需用費,,,2420
,,,,消耗品費,,2042
,,,,食糧費,,14
,,,,光熱水費,,64
,,,,修繕料,,300
,,,役務費,,,216
,,,,通信運搬費,,3
,,,,手数料,,5
,,,,筆耕翻訳料,,10
,,,,保険料,,198
,,,委託料,,,14360
,,,使用料及び賃借料,,,947
,,,原材料費,,,64
,,,備品購入費,,,315
,,,負担金、補助及び交付金,,,2940
,,,,負担金,,1560
,,,,交付金,,1380
,,防災費,,,207565,262584
,,,報酬,,,3223
,,,職員手当等,,,10675
,,,,時間外勤務手当,,10000
,,,,期末手当,,577
,,,,勤勉手当,,98
,,,共済費,,,573
,,,報償費,,,1196
,,,旅費,,,599
,,,,費用弁償,,199
,,,,普通旅費,,271
,,,,特別旅費,,129
,,,需用費,,,36352
,,,,消耗品費,,24409
,,,,燃料費,,127
,,,,食糧費,,1
,,,,印刷製本費,,2139
,,,,光熱水費,,3642
,,,,修繕料,,5153
,,,,医薬材料費,,881
,,,役務費,,,16372
,,,,通信運搬費,,8389
,,,,広告料,,3289
,,,,手数料,,1830
,,,,保険料,,2858
,,,,自動車損害保険料,,6
,,,委託料,,,70833
,,,使用料及び賃借料,,,5554
,,,工事請負費,,,5321
,,,備品購入費,,,68199
,,,負担金、補助及び交付金,,,41895
,,,,負担金,,782
,,,,補助金,,41113
,,,積立金,,,1775
,,,公課費,,,17
教育費,,,,,11747335,12402939
,教育総務費,,,,1387247,1587267
,,教育委員会費,,,5897,34522
,,,報酬,,,4499
,,,報償費,,,156
,,,旅費,,,260
,,,,費用弁償,,260
,,,需用費,,,808
,,,,消耗品費,,71
,,,,食糧費,,37
,,,,印刷製本費,,700
,,,役務費,,,280
,,,,通信運搬費,,280
,,,委託料,,,21453
,,,使用料及び賃借料,,,17
,,,負担金、補助及び交付金,,,7049
,,,,負担金,,99
,,,,補助金,,6950
,,事務局費,,,923949,1038750
,,,報酬,,,41496
,,,給料,,,269904
,,,職員手当等,,,331180
,,,,管理職手当,,4764
,,,,扶養手当,,6816
,,,,地域手当,,10886
,,,,住居手当,,1689
,,,,通勤手当,,5644
,,,,時間外勤務手当,,44000
,,,,休日勤務手当,,50
,,,,期末手当,,75705
,,,,勤勉手当,,53709
,,,,退職手当,,106022
,,,,児童手当,,21895
,,,共済費,,,131217
,,,報償費,,,140
,,,旅費,,,2228
,,,,費用弁償,,1679
,,,,普通旅費,,352
,,,,特別旅費,,197
,,,需用費,,,4606
,,,,消耗品費,,730
,,,,印刷製本費,,1516
,,,,修繕料,,2360
,,,役務費,,,2668
,,,,通信運搬費,,264
,,,,手数料,,55
,,,,筆耕翻訳料,,3
,,,,保険料,,2346
,,,委託料,,,59708
,,,使用料及び賃借料,,,190498
,,,備品購入費,,,150
,,,負担金、補助及び交付金,,,2342
,,,,負担金,,227
,,,,補助金,,2115
,,,補償、補填及び賠償金,,,2000
,,,,賠償金,,2000
,,,積立金,,,613
,,学校教育指導費,,,227436,244426
,,,報酬,,,167534
,,,職員手当等,,,1029
,,,,期末手当,,880
,,,,勤勉手当,,149
,,,共済費,,,15953
,,,報償費,,,1793
,,,旅費,,,7503
,,,,費用弁償,,7261
,,,,普通旅費,,25
,,,,特別旅費,,217
,,,需用費,,,2709
,,,,消耗品費,,2317
,,,,食糧費,,268
,,,,印刷製本費,,124
,,,役務費,,,76
,,,,保険料,,76
,,,委託料,,,29282
,,,使用料及び賃借料,,,12276
,,,工事請負費,,,2100
,,,備品購入費,,,1480
,,,負担金、補助及び交付金,,,1802
,,,,負担金,,100
,,,,補助金,,1702
,,,積立金,,,889
,,特別支援教育指導費,,,200585,237955
,,,報酬,,,176951
,,,給料,,,6041
,,,職員手当等,,,17501
,,,,地域手当,,242
,,,,通勤手当,,100
,,,,時間外勤務手当,,300
,,,,期末手当,,13300
,,,,勤勉手当,,3559
,,,共済費,,,13346
,,,報償費,,,2354
,,,旅費,,,8859
,,,,費用弁償,,8827
,,,,特別旅費,,32
,,,需用費,,,7071
,,,,消耗品費,,1954
,,,,食糧費,,17
,,,,修繕料,,5100
,,,委託料,,,1750
,,,工事請負費,,,500
,,,備品購入費,,,3285
,,,負担金、補助及び交付金,,,297
,,,,負担金,,297
,,育英奨学費,,,10217,13986
,,,報酬,,,20
,,,負担金、補助及び交付金,,,12780
,,,,補助金,,12780
,,,積立金,,,1186
,,教育プラザ費,,,19163,17628
,,,需用費,,,5827
,,,,消耗品費,,500
,,,,光熱水費,,4000
,,,,修繕料,,1327
,,,役務費,,,936
,,,,通信運搬費,,910
,,,,手数料,,26
,,,委託料,,,10496
,,,使用料及び賃借料,,,160
,,,備品購入費,,,201
,,,負担金、補助及び交付金,,,8
,,,,負担金,,8
,小学校費,,,,2615062,1734997
,,小学校管理費,,,775010,805378
,,,報酬,,,134247
,,,職員手当等,,,32834
,,,,期末手当,,28103
,,,,勤勉手当,,4731
,,,共済費,,,26125
,,,報償費,,,1175
,,,旅費,,,5682
,,,,費用弁償,,5500
,,,,普通旅費,,170
,,,,特別旅費,,12
,,,需用費,,,334213
,,,,消耗品費,,52402
,,,,燃料費,,2500
,,,,食糧費,,512
,,,,印刷製本費,,14212
,,,,光熱水費,,156744
,,,,修繕料,,107843
,,,役務費,,,29960
,,,,通信運搬費,,12477
,,,,手数料,,17483
,,,委託料,,,104782
,,,使用料及び賃借料,,,32668
,,,工事請負費,,,54550
,,,備品購入費,,,49076
,,,負担金、補助及び交付金,,,66
,,,,負担金,,66
,,小学校教育振興費,,,910738,270198
,,,報酬,,,32994
,,,職員手当等,,,3832
,,,,期末手当,,3280
,,,,勤勉手当,,552
,,,共済費,,,2991
,,,旅費,,,944
,,,,費用弁償,,944
,,,需用費,,,4032
,,,,消耗品費,,1603
,,,,食糧費,,429
,,,,修繕料,,2000
,,,役務費,,,9501
,,,,通信運搬費,,9501
,,,委託料,,,88108
,,,使用料及び賃借料,,,61786
,,,扶助費,,,66010
,,小学校建設費,,,929314,659421
,,,需用費,,,179761
,,,,修繕料,,179761
,,,委託料,,,32160
,,,工事請負費,,,447500
,中学校費,,,,1679572,1235930
,,中学校管理費,,,468808,458454
,,,報酬,,,76502
,,,職員手当等,,,18713
,,,,期末手当,,16017
,,,,勤勉手当,,2696
,,,共済費,,,14875
,,,報償費,,,1175
,,,旅費,,,3145
,,,,費用弁償,,3075
,,,,普通旅費,,70
,,,需用費,,,178597
,,,,消耗品費,,34448
,,,,燃料費,,1832
,,,,印刷製本費,,9170
,,,,光熱水費,,90038
,,,,修繕料,,43109
,,,役務費,,,16896
,,,,通信運搬費,,7091
,,,,手数料,,9805
,,,委託料,,,63749
,,,使用料及び賃借料,,,21542
,,,工事請負費,,,28300
,,,原材料費,,,2450
,,,備品購入費,,,32510
,,中学校教育振興費,,,567024,193416
,,,報酬,,,19144
,,,職員手当等,,,2196
,,,,期末手当,,1879
,,,,勤勉手当,,317
,,,共済費,,,1679
,,,旅費,,,558
,,,,費用弁償,,558
,,,需用費,,,6219
,,,,消耗品費,,4607
,,,,食糧費,,252
,,,,修繕料,,1360
,,,役務費,,,5204
,,,,通信運搬費,,5204
,,,委託料,,,47258
,,,使用料及び賃借料,,,32782
,,,負担金、補助及び交付金,,,1800
,,,,補助金,,1800
,,,扶助費,,,76576
,,中学校建設費,,,643740,584060
,,,需用費,,,141613
,,,,修繕料,,141613
,,,役務費,,,6562
,,,,手数料,,6562
,,,委託料,,,142972
,,,工事請負費,,,292913
,高等学校費,,,,1015831,836164
,,高等学校総務費,,,1015831,836164
,,,報酬,,,52174
,,,給料,,,339931
,,,職員手当等,,,217138
,,,,管理職手当,,3192
,,,,扶養手当,,9300
,,,,地域手当,,14097
,,,,住居手当,,5733
,,,,通勤手当,,13710
,,,,特殊勤務手当,,9779
,,,,時間外勤務手当,,2930
,,,,休日勤務手当,,50
,,,,宿日直手当,,1600
,,,,期末手当,,85546
,,,,勤勉手当,,66691
,,,,教員特別手当,,4510
,,,共済費,,,116096
,,,報償費,,,380
,,,旅費,,,6780
,,,,費用弁償,,3368
,,,,普通旅費,,945
,,,,特別旅費,,2467
,,,需用費,,,33462
,,,,消耗品費,,4942
,,,,燃料費,,5456
,,,,食糧費,,10
,,,,印刷製本費,,600
,,,,光熱水費,,18704
,,,,修繕料,,3750
,,,役務費,,,1750
,,,,通信運搬費,,1008
,,,,手数料,,713
,,,,保険料,,29
,,,委託料,,,28866
,,,使用料及び賃借料,,,32019
,,,原材料費,,,105
,,,備品購入費,,,1100
,,,負担金、補助及び交付金,,,6363
,,,,負担金,,6363
,幼稚園費,,,,1038478,1070012
,,幼稚園管理費,,,325133,349078
,,,報酬,,,42013
,,,給料,,,134187
,,,職員手当等,,,84246
,,,,管理職手当,,2492
,,,,扶養手当,,931
,,,,地域手当,,5514
,,,,住居手当,,1136
,,,,通勤手当,,3249
,,,,時間外勤務手当,,3004
,,,,休日勤務手当,,50
,,,,期末手当,,40126
,,,,勤勉手当,,27744
,,,共済費,,,50003
,,,旅費,,,1502
,,,,費用弁償,,1502
,,,需用費,,,23143
,,,,消耗品費,,1925
,,,,燃料費,,233
,,,,食糧費,,11352
,,,,印刷製本費,,540
,,,,光熱水費,,4799
,,,,修繕料,,2739
,,,,賄材料費,,1555
,,,役務費,,,1573
,,,,通信運搬費,,541
,,,,手数料,,1000
,,,,保険料,,32
,,,委託料,,,1950
,,,使用料及び賃借料,,,3758
,,,工事請負費,,,4500
,,,原材料費,,,50
,,,備品購入費,,,1366
,,,負担金、補助及び交付金,,,287
,,,,負担金,,287
,,,補償、補填及び賠償金,,,500
,,,,補償金及び補填金,,500
,,幼稚園教育振興費,,,713345,720934
,,,報償費,,,120
,,,旅費,,,775
,,,,費用弁償,,60
,,,,普通旅費,,362
,,,,特別旅費,,353
,,,需用費,,,699
,,,,消耗品費,,633
,,,,印刷製本費,,66
,,,使用料及び賃借料,,,797
,,,備品購入費,,,190
,,,負担金、補助及び交付金,,,214
,,,,負担金,,54
,,,,補助金,,160
,,,扶助費,,,718139
,社会教育費,,,,1964274,2140689
,,社会教育総務費,,,157055,165132
,,,報酬,,,2290
,,,給料,,,78324
,,,職員手当等,,,51759
,,,,管理職手当,,1420
,,,,扶養手当,,1932
,,,,地域手当,,3268
,,,,住居手当,,948
,,,,通勤手当,,2315
,,,,時間外勤務手当,,7000
,,,,休日勤務手当,,189
,,,,期末手当,,19181
,,,,勤勉手当,,15506
,,,共済費,,,26826
,,,報償費,,,4370
,,,旅費,,,253
,,,,費用弁償,,151
,,,,普通旅費,,43
,,,,特別旅費,,59
,,,需用費,,,780
,,,,消耗品費,,42
,,,,食糧費,,22
,,,,印刷製本費,,716
,,,委託料,,,73
,,,使用料及び賃借料,,,42
,,,負担金、補助及び交付金,,,415
,,,,負担金,,415
,,生涯学習費,,,45280,44272
,,,報酬,,,17983
,,,職員手当等,,,4229
,,,,期末手当,,3619
,,,,勤勉手当,,610
,,,共済費,,,3570
,,,報償費,,,5600
,,,旅費,,,602
,,,,費用弁償,,601
,,,,普通旅費,,1
,,,需用費,,,2978
,,,,消耗品費,,1128
,,,,印刷製本費,,1850
,,,委託料,,,9235
,,,使用料及び賃借料,,,2
,,,備品購入費,,,73
,,青少年教育費,,,20148,20161
,,,報酬,,,3202
,,,職員手当等,,,757
,,,,期末手当,,648
,,,,勤勉手当,,109
,,,共済費,,,620
,,,報償費,,,2124
,,,旅費,,,343
,,,,費用弁償,,130
,,,,普通旅費,,15
,,,,特別旅費,,198
,,,需用費,,,2708
,,,,消耗品費,,2159
,,,,燃料費,,18
,,,,食糧費,,41
,,,,印刷製本費,,490
,,,役務費,,,16
,,,,手数料,,16
,,,委託料,,,9188
,,,使用料及び賃借料,,,93
,,,負担金、補助及び交付金,,,1110
,,,,負担金,,5
,,,,補助金,,1105
,,青少年対策費,,,53295,59865
,,,報酬,,,30547
,,,職員手当等,,,6207
,,,,期末手当,,5312
,,,,勤勉手当,,895
,,,共済費,,,4921
,,,報償費,,,2913
,,,旅費,,,1413
,,,,費用弁償,,1362
,,,,普通旅費,,48
,,,,特別旅費,,3
,,,需用費,,,564
,,,,消耗品費,,248
,,,,燃料費,,3
,,,,食糧費,,4
,,,,印刷製本費,,289
,,,,賄材料費,,20
,,,役務費,,,153
,,,,手数料,,8
,,,,保険料,,145
,,,委託料,,,13146
,,,使用料及び賃借料,,,1
,,少年自然の家費,,,57924,54162
,,,需用費,,,2200
,,,,修繕料,,2200
,,,委託料,,,49904
,,,工事請負費,,,2000
,,,備品購入費,,,58
,,文化振興費,,,120700,167062
,,,報酬,,,2704
,,,給料,,,57067
,,,職員手当等,,,38917
,,,,管理職手当,,1594
,,,,扶養手当,,1419
,,,,地域手当,,2399
,,,,住居手当,,382
,,,,通勤手当,,1322
,,,,時間外勤務手当,,5365
,,,,休日勤務手当,,161
,,,,期末手当,,14606
,,,,勤勉手当,,11669
,,,共済費,,,20092
,,,報償費,,,1489
,,,旅費,,,190
,,,,費用弁償,,182
,,,,普通旅費,,8
,,,需用費,,,1710
,,,,消耗品費,,336
,,,,印刷製本費,,1374
,,,役務費,,,84
,,,,手数料,,84
,,,委託料,,,23373
,,,備品購入費,,,195
,,,負担金、補助及び交付金,,,17600
,,,,補助金,,17600
,,,積立金,,,3641
,,文化会館費,,,682236,714173
,,,旅費,,,2
,,,,普通旅費,,2
,,,委託料,,,499259
,,,使用料及び賃借料,,,60912
,,,負担金、補助及び交付金,,,154000
,,,,補助金,,154000
,,文化財保護費,,,35680,84979
,,,報酬,,,5166
,,,報償費,,,1557
,,,旅費,,,877
,,,,費用弁償,,686
,,,,普通旅費,,191
,,,需用費,,,1264
,,,,消耗品費,,300
,,,,燃料費,,9
,,,,食糧費,,20
,,,,印刷製本費,,807
,,,,光熱水費,,28
,,,,修繕料,,100
,,,役務費,,,1750
,,,,通信運搬費,,156
,,,,手数料,,1594
,,,委託料,,,29325
,,,使用料及び賃借料,,,247
,,,工事請負費,,,22421
,,,公有財産購入費,,,708
,,,負担金、補助及び交付金,,,21664
,,,,負担金,,45
,,,,補助金,,21619
,,文化財発掘調査費,,,69129,73384
,,,報酬,,,24505
,,,職員手当等,,,4789
,,,,期末手当,,4099
,,,,勤勉手当,,690
,,,共済費,,,4151
,,,報償費,,,143
,,,旅費,,,1372
,,,,費用弁償,,1328
,,,,普通旅費,,44
,,,需用費,,,5655
,,,,消耗品費,,1083
,,,,燃料費,,77
,,,,食糧費,,2
,,,,印刷製本費,,3575
,,,,光熱水費,,778
,,,,修繕料,,140
,,,役務費,,,128
,,,,通信運搬費,,122
,,,,手数料,,6
,,,委託料,,,27083
,,,使用料及び賃借料,,,5558
,,博物館費,,,103899,114853
,,,報酬,,,13186
,,,給料,,,21302
,,,職員手当等,,,15230
,,,,管理職手当,,623
,,,,扶養手当,,184
,,,,地域手当,,889
,,,,住居手当,,537
,,,,通勤手当,,449
,,,,時間外勤務手当,,568
,,,,休日勤務手当,,50
,,,,期末手当,,7339
,,,,勤勉手当,,4591
,,,共済費,,,9396
,,,報償費,,,121
,,,旅費,,,434
,,,,費用弁償,,364
,,,,普通旅費,,70
,,,需用費,,,25443
,,,,消耗品費,,1162
,,,,燃料費,,127
,,,,食糧費,,3
,,,,印刷製本費,,1225
,,,,光熱水費,,8136
,,,,修繕料,,14773
,,,,賄材料費,,17
,,,役務費,,,2025
,,,,通信運搬費,,1588
,,,,手数料,,76
,,,,保険料,,361
,,,委託料,,,25000
,,,使用料及び賃借料,,,2219
,,,原材料費,,,179
,,,備品購入費,,,190
,,,負担金、補助及び交付金,,,128
,,,,負担金,,128
,,図書館費,,,618928,642646
,,,報酬,,,133185
,,,給料,,,111581
,,,職員手当等,,,87854
,,,,管理職手当,,2666
,,,,扶養手当,,1434
,,,,地域手当,,4619
,,,,住居手当,,92
,,,,通勤手当,,2899
,,,,時間外勤務手当,,3000
,,,,休日勤務手当,,1000
,,,,期末手当,,47376
,,,,勤勉手当,,24768
,,,共済費,,,55243
,,,報償費,,,1112
,,,旅費,,,4283
,,,,費用弁償,,4195
,,,,普通旅費,,50
,,,,特別旅費,,38
,,,需用費,,,55694
,,,,消耗品費,,14842
,,,,食糧費,,9
,,,,印刷製本費,,897
,,,,光熱水費,,28206
,,,,修繕料,,11740
,,,役務費,,,1864
,,,,通信運搬費,,1517
,,,,手数料,,347
,,,委託料,,,61046
,,,使用料及び賃借料,,,35101
,,,工事請負費,,,44000
,,,備品購入費,,,51470
,,,負担金、補助及び交付金,,,171
,,,,負担金,,171
,,,償還金、利子及び割引料,,,42
,保健体育費,,,,3645335,3797880
,,体育振興費,,,111573,117718
,,,報酬,,,4260
,,,給料,,,46623
,,,職員手当等,,,30130
,,,,扶養手当,,996
,,,,地域手当,,1905
,,,,住居手当,,300
,,,,通勤手当,,1119
,,,,時間外勤務手当,,5000
,,,,休日勤務手当,,500
,,,,期末手当,,11128
,,,,勤勉手当,,9182
,,,共済費,,,15697
,,,報償費,,,5230
,,,旅費,,,615
,,,,費用弁償,,481
,,,,普通旅費,,15
,,,,特別旅費,,119
,,,需用費,,,2187
,,,,消耗品費,,1362
,,,,食糧費,,211
,,,,印刷製本費,,414
,,,,修繕料,,200
,,,役務費,,,70
,,,,手数料,,10
,,,,保険料,,60
,,,委託料,,,5650
,,,使用料及び賃借料,,,781
,,,負担金、補助及び交付金,,,6475
,,,,負担金,,265
,,,,補助金,,6210
,,体育施設費,,,496394,679703
,,,需用費,,,21850
,,,,消耗品費,,22
,,,,光熱水費,,4605
,,,,修繕料,,17223
,,,役務費,,,268
,,,,通信運搬費,,237
,,,,手数料,,31
,,,委託料,,,509153
,,,使用料及び賃借料,,,13262
,,,工事請負費,,,130990
,,,備品購入費,,,4180
,,総合体育館費,,,276034,132308
,,,公有財産購入費,,,132308
,,保健費,,,130149,130081
,,,報酬,,,45733
,,,報償費,,,518
,,,旅費,,,36
,,,,普通旅費,,3
,,,,特別旅費,,33
,,,需用費,,,1615
,,,,消耗品費,,567
,,,,修繕料,,150
,,,,医薬材料費,,898
,,,役務費,,,540
,,,,手数料,,540
,,,委託料,,,34087
,,,使用料及び賃借料,,,8383
,,,負担金、補助及び交付金,,,28169
,,,,負担金,,28169
,,,補償、補填及び賠償金,,,11000
,,,,補償金及び補填金,,11000
,,学校給食費,,,2631185,2738070
,,,報酬,,,357332
,,,給料,,,338344
,,,職員手当等,,,271472
,,,,管理職手当,,623
,,,,扶養手当,,3505
,,,,地域手当,,13683
,,,,住居手当,,2177
,,,,通勤手当,,9435
,,,,時間外勤務手当,,14716
,,,,休日勤務手当,,50
,,,,期末手当,,151479
,,,,勤勉手当,,75804
,,,共済費,,,172312
,,,報償費,,,90
,,,旅費,,,11827
,,,,費用弁償,,11787
,,,,普通旅費,,10
,,,,特別旅費,,30
,,,需用費,,,1487381
,,,,消耗品費,,15044
,,,,燃料費,,38378
,,,,印刷製本費,,421
,,,,光熱水費,,16045
,,,,修繕料,,15566
,,,,賄材料費,,1401927
,,,役務費,,,8147
,,,,通信運搬費,,137
,,,,手数料,,8010
,,,委託料,,,5994
,,,使用料及び賃借料,,,4113
,,,備品購入費,,,80813
,,,負担金、補助及び交付金,,,245
,,,,負担金,,245
災害復旧費,,,,,129300,164720
,農林水産業施設災害復旧費,,,,119300,154720
,,農業施設災害復旧費,,,2000,2000
,,,需用費,,,500
,,,,修繕料,,500
,,,委託料,,,500
,,,工事請負費,,,1000
,,林業施設災害復旧費,,,117300,152720
,,,委託料,,,1000
,,,工事請負費,,,151720
,土木施設災害復旧費,,,,10000,10000
,,道路橋梁災害復旧費,,,6000,6000
,,,委託料,,,1000
,,,工事請負費,,,5000
,,河川災害復旧費,,,4000,4000
,,,委託料,,,1000
,,,工事請負費,,,3000
公債費,,,,,7155071,7606642
,公債費,,,,7155071,7606642
,,元金,,,6838978,7157379
,,,償還金、利子及び割引料,,,7157379
,,利子,,,315981,449151
,,,償還金、利子及び割引料,,,449151
,,公債諸費,,,112,112
,,,旅費,,,13
,,,,普通旅費,,13
,,,需用費,,,11
,,,,消耗品費,,11
,,,委託料,,,88
諸支出金,,,,,100,100
,普通財産取得費,,,,100,100
,,土地取得費,,,100,100
,,,公有財産購入費,,,100
予備費,,,,,150000,300000
,予備費,,,,150000,300000
,,予備費,,,150000,300000
,,,予備費,,,300000
