款,項,目,節,説明,R5,R6
市税,,,,,47449800,46460600
,市民税,,,,,16739000
,,個人,,,15208500,14297700
,,,現年課税分,,,14181000
,,,,"均等割（調定見込額 402,000×98.9％）",,397000
,,,,"所得割（調定見込額 (15,088,000-1,150,000)×98.9％）",,13784000
,,,滞納繰越分,"調定見込額 350,700×33.3％",,116700
,,法人,,,2364800,2441300
,,,現年課税分,,,2438000
,,,,"均等割（調定見込額 770,000×99.8％）",,768000
,,,,"法人税割（調定見込額 1,674,000×99.8％）",,1670000
,,,滞納繰越分,"調定見込額 17,900×18.8％",,3300
,固定資産税,,,,,23139800
,,固定資産税,,,23282800,23084800
,,,現年課税分,,,22998000
,,,,"土 地（調定見込額 8,185,000×99.5％）",,8144000
,,,,"家 屋（調定見込額 8,458,000×99.5％）",,8415000
,,,,"償却資産（調定見込額 6,472,000×99.5％）",,6439000
,,,滞納繰越分,,,86800
,,国有資産等所在市町村交付金,,,56000,55000
,,,現年課税分,,,55000
,,,,"交付金（算定標準額 3,991,000×1.4％）",,55000
,軽自動車税,,,,,887800
,,環境性能割,,,57000,50000
,,,環境性能割,,,50000
,,種別割,,,810400,837800
,,,現年課税分,"調定見込額 842,000×98.6％",,830000
,,,滞納繰越分,"調定見込額 26,200×29.9％",,7800
,市たばこ税,,,,,1987000
,,市たばこ税,,,1920000,1987000
,,,現年課税分,,,1987000
,,,,従量割,,1987000
,都市計画税,,,,,3707000
,,都市計画税,,,3750300,3707000
,,,現年課税分,,,3693000
,,,,"土 地（調定見込額 2,057,000×99.5％）",,2046000
,,,,家 屋,,1647000
地方譲与税,,,,,658000,678000
,地方揮発油譲与税,,,,,140000
,,地方揮発油譲与税,,,140000,140000
,,,地方揮発油譲,,,140000
,,,,地方揮発油譲与税（備考 与税）,,140000
,自動車重量譲与税,,,,,450000
,,自動車重量譲与税,,,450000,450000
,,,自動車重量譲,,,450000
,,,,"自動車重量譲与税（備考 与税 自動車重量税収入額の 407／1,000相当額）",,450000
,森林環境譲与税,,,,,78000
,,森林環境譲与税,,,58000,78000
,,,森林環境譲与,,,78000
,,,,森林環境譲与税（備考 税）,,78000
,特別とん譲与税,,,,,10000
,,特別とん譲与税,,,10000,10000
,,,特別とん譲与,,,10000
,,,,特別とん譲与税（備考 税 入港外国貿易船純トン数当たり 20円）,,10000
利子割交付金,,,,,20000,16000
,利子割交付金,,,,,16000
,,利子割交付金,,,20000,16000
,,,利子割交付金,,,16000
配当割交付金,,,,,150000,200000
,配当割交付金,,,,,200000
,,配当割交付金,,,150000,200000
,,,配当割交付金,,,200000
株式等譲渡所得割交付金,,,,,100000,250000
,株式等譲渡所得割交付金,,,,,250000
,,株式等譲渡所得割交付金,,,100000,250000
,,,株式等譲渡所,,,250000
,,,,株式等譲渡所得割交付金（備考 得割交付金 交付率 3／5）,,250000
法人事業税交付金,,,,,600000,650000
,法人事業税交付金,,,,,650000
,,法人事業税交付金,,,600000,650000
,,,法人事業税交,,,650000
,,,,法人事業税交付金（備考 付金 交付率 7.7／100）,,650000
地方消費税交付金,,,,,6500000,6200000
,地方消費税交付金,,,,,6200000
,,地方消費税交付金,,,6500000,6200000
,,,地方消費税交,,,6200000
,,,,地方消費税交付金（備考 付金 交付率 1／2）,,6200000
ゴルフ場利用税交付金,,,,,70000,67000
,ゴルフ場利用税交付金,,,,,67000
,,ゴルフ場利用税交付金,,,70000,67000
,,,ゴルフ場利用,,,67000
,,,,ゴルフ場利用税交付金（備考 税交付金 交付率 7／10 大富士ゴルフ場 外3ゴルフ場）,,67000
環境性能割交付金,,,,,90000,90000
,環境性能割交付金,,,,,90000
,,環境性能割交付金,,,90000,90000
,,,環境性能割交,,,90000
,,,,環境性能割交付金（備考 付金 交付率 43／100）,,90000
地方特例交付金,,,,,350000,1502000
,地方特例交付金,,,,,1459000
,,地方特例交付金,,,310000,1459000
,,,地方特例交付,,,1459000
,,,,地方特例交付金,,1459000
,,,,金 住宅借入金等特別税額控除減収補 分,,309000
,,,,定額減税減収補 分,,1150000
,新型コロナウイルス感染症対策地方税減収補 特別交付金,,,,,43000
,,新型コロナウイルス感染症対策地方税減収補 特別,,,40000,43000
,,,新型コロナウ,,,43000
,,,,新型コロナウイルス感染症対策地方税減収補 特別交付金（備考 イルス感染症 対策地方税減 収補 特別交 付金）,,43000
地方交付税,,,,,100000,100000
,地方交付税,,,,,100000
,,地方交付税,,,100000,100000
,,,地方交付税,,,100000
,,,,特別交付税,,100000
交通安全対策特別交付金,,,,,50000,40000
,交通安全対策特別交付金,,,,,40000
,,交通安全対策特別交付金,,,50000,40000
,,,交通安全対策,,,40000
,,,,交通安全対策特別交付金（備考 特別交付金 交付率 1／3）,,40000
分担金及び負担金,,,,,903649,923407
,負担金,,,,,923407
,,総務費負担金,,,90973,93622
,,,総務管理費負,,,93622
,,,,健康管理費企業会計負担金,,18528
,,,,担金 福利厚生費企業会計負担金,,523
,,,,情報公開費企業会計負担金,,401
,,,,会計事務費企業会計等負担金,,734
,,,,契約管理費企業会計負担金,,16970
,,,,工事検査費企業会計等負担金,,9800
,,,,会議録作成支援システム企業会計負担金,,316
,,,,情報化推進費企業会計等負担金,,35432
,,,,共同電算事業費企業会計等負担金,,10917
,,,,公平委員会共同設置運営費負担金,,1
,,民生費負担金,,,287996,312091
,,,老人福祉費負,,,43157
,,,,シルバーハウジング入居者負担金,,429
,,,,担金 緊急保護措置利用者負担金,,100
,,,,"養護老人ホーム入所者及び扶養義務者負担金（備考 44,540円×75人×12月）",,40086
,,,,生きがいデイサービス事業利用者負担金,,2540
,,,,生活支援型ショートステイ事業利用者負担金,,2
,,,児童福祉費負,,,264704
,,,,未熟児養育医療費負担金,,2000
,,,,"担金 保育児童扶養義務者負担金（備考 私立分 （532人） 180,136 私立委託分（12人） 4,226）",,188523
,,,,過年度分,,4161
,,,,保育児童扶養義務者負担金（平日食事分）,,51772
,,,,保育児童扶養義務者負担金（土曜日食事分）,,1221
,,,,保育児童扶養義務者負担金（保育ママ事業）,,7573
,,,,保育児童受託分負担金,,13219
,,,,日本スポーツ振興センター災害共済掛金保護者負担金,,396
,,,障害者福祉費,,,4230
,,,,ふじやま学園日中一時支援事業保護者負担金,,483
,,,,負担金 ふじやま学園短期入所保護者負担金,,716
,,衛生費負担金,,,450548,440556
,,,保健衛生費負,,,29893
,,,,看護専門学校運営費負担金（備考 担金）,,29893
,,,環境対策費負,,,410663
,,,,"環境再生保全機構負担金（備考 担金 補償給付費 405,446×10／10 405,446 福祉事業費 1,854×3／4 1,390 健康被害予防事業費 3,827×10／10 3,827）",,410663
,,土木費負担金,,,4292,4295
,,,土木管理費負,,,1686
,,,,工事設計監理費企業会計負担金（備考 担金）,,1686
,,,道路橋梁費負,,,2609
,,,,土木積算システム企業会計等負担金（備考 担金）,,2609
,,消防費負担金,,,47584,52891
,,,消防費負担金,,,52891
,,,,消防指令センター運営事業費負担金,,52891
,,教育費負担金,,,22256,19952
,,,幼稚園費負担,,,10713
,,,,幼稚園児扶養義務者負担金（食事分）,,9639
,,,,金 幼稚園保育児童受託分負担金,,1074
,,,体育保健費負,,,9239
,,,,"日本スポーツ振興センター災害共済掛金保護者負担金（備考 担金 小学校 5,237 中学校 2,741 市立高校 1,204 幼稚園 57）",,9239
使用料及び手数料,,,,,1333311,1345606
,使用料,,,,,925759
,,総務使用料,,,13,13
,,,総務管理使用,,,13
,,,,市有土地使用料（備考 料）,,13
,,民生使用料,,,160497,186079
,,,児童福祉使用,,,186079
,,,,"保育園等保育料（備考 料 保育園 公立分 （476人） 162,126 公立受託分 （2人） 681 認定こども園 公立分 （31人） 10,551 小規模保育事業所 公立分 （22人） 7,488 公立受託分 （1人） 340）",,181186
,,,,延長保育料,,1557
,,,,一時預かり保育料,,3336
,,衛生使用料,,,108918,109325
,,,保健衛生使用,,,80873
,,,,墓所使用料,,26500
,,,,料 墓所管理料,,28779
,,,,斎場使用料,,720
,,,,斎場産汚物焼却料,,297
,,,,斎場霊柩車使用料,,6000
,,,,斎場施設使用料,,169
,,,,看護専門学校授業料,,18408
,,,清掃使用料,,,28452
,,,,中野台下水処理施設使用料,,26239
,,,,市有土地使用料,,2213
,,農林水産業使用料,,,74,72
,,,林業使用料,,,72
,,,,休養林キャンプ場使用料,,72
,,商工使用料,,,590,583
,,,商工使用料,,,583
,,,,市有建物使用料,,583
,,土木使用料,,,539367,527663
,,,道路橋梁使用,,,134252
,,,,市道占用料（備考 料）,,134252
,,消防使用料,,,430,424
,,,消防使用料,,,424
,,,,市有土地使用料,,424
,,教育使用料,,,98540,101600
,,,高等学校使用,,,81140
,,,,"高等学校授業料（備考 料 9,900円×683人×12月）",,81140
,,,幼稚園使用料,,,1266
,,,,預かり保育料,,1266
,,,社会教育使用,,,781
,,,,中央図書館市民ギャラリー使用料（備考 料）,,781
,,,体育保健使用,,,18413
,,,,小・中・高等学校屋内運動場等使用料,,15015
,,,,料 小・中・高等学校屋外運動場夜間照明施設等使用料,,2485
,,,,高等学校庭球場使用料,,704
,,,,市有土地使用料,,209
,手数料,,,,,419847
,,総務手数料,,,96596,99166
,,,総務手数料,,,99166
,,,,行政不服審査手数料,,1
,,,,戸籍手数料,,33450
,,,,戸籍の全部事項証明書・個人事項証明書（備考 1通 450円（コンビニ交付350円））,,15400
,,,,除籍記載事項証明謄抄本（備考 1通 750円）,,16650
,,,,受理証明等（備考 1通 350円）,,385
,,,,身分証明（備考 1通 350円）,,1015
,,,,住民基本台帳手数料,,30200
,,,,住民票の写し（備考 1通 300円（コンビニ交付200円））,,27800
,,,,戸籍の附票の写し（備考 1通 300円（コンビニ交付200円））,,1700
,,,,現況証明等（備考 1通 350円）,,595
,,,,住民基本台帳の閲覧（備考 1通 350円）,,105
,,,,印鑑証明等手数料,,20650
,,,,印鑑登録証明（備考 1通 300円（コンビニ交付200円））,,18200
,,,,印鑑登録証（備考 1件 350円）,,2450
,,,,自動車臨時運行許可手数料（備考 1両 750円）,,1125
,,,,税証明手数料,,13700
,,,,所得・納税関係証明等（備考 1件 300円（コンビニ交付200円））,,7690
,,,,資産証明等（備考 1件 300円）,,4210
,,,,税証明謄抄本（備考 1件 450円）,,720
,,民生手数料,,,686,465
,,,社会福祉手数,,,226
,,,,介護サービス事業者指定申請手数料（備考 料 更新24件）,,226
,,,老人福祉手数,,,239
,,,,介護予防・日常生活支援総合事業事業者指定申請手数料（備考 料 新規5件 更新13件）,,179
,,,,介護予防支援事業手数料（備考 介護予防サービス計画費）,,60
,,衛生手数料,,,295053,282791
,,,保健衛生手数,,,10889
,,,,看護専門学校入学検定等手数料,,707
,,,,料 犬の登録等手数料,,10182
,,,清掃手数料,,,271899
,,,,塵芥処理手数料,,271846
,,,,一般廃棄物処理業許可申請手数料,,53
,,,環境対策手数,,,3
,,,,鳥獣飼養登録手数料（備考 料）,,3
,,農林水産業手数料,,,87,64
,,,農業手数料,,,64
,,,,農地に関する証明手数料,,64
,,商工手数料,,,1,1
,,,商工手数料,,,1
,,,,計量手数料,,1
,,土木手数料,,,19773,24884
,,,道路橋梁手数,,,177
,,,,放置自転車等撤去・保管手数料（備考 料）,,177
,,,都市計画手数,,,24686
,,,,都市計画に関する証明手数料（備考 料 28件）,,12
,,,,建築確認申請手数料（備考 15件）,,290
,,消防手数料,,,10745,10535
,,,消防手数料,,,10535
,,,,"危険物施設設置等許可申請手数料（備考 特定屋外タンク貯蔵所 440,000円× 2件 880 その他 27,200円×196件 5,331）",,6211
,,,,"危険物施設完成検査前検査申請手数料（備考 特定屋外タンク貯蔵所 265,000円× 2件 530 その他 9,300円× 14件 130）",,660
,,,,"危険物施設完成検査申請手数料（備考 13,500円×188件）",,2538
,,教育手数料,,,1941,1941
,,,高等学校手数,,,1941
,,,,"入学検定料（備考 料 2,200円×250人）",,550
,,,,"入学料（備考 5,650円×240人）",,1356
,,,,卒業証明書等発行手数料（備考 350円×100件）,,35
国庫支出金,,,,,13823146,16482873
,国庫負担金,,,,,12257787
,,民生費負担金,,,11269369,12037068
,,,社会福祉費負,,,220696
,,,,"生活困窮者自立相談支援事業費等負担金（備考 担金 住居確保給付事業 3,528×3／4 2,646 被保護者就労支援事業 11,942×3／4 8,956 被保護者健康管理支援事業 1,089×3／4 816）",,12418
,,,,"保険基盤安定負担金（国民健康保険）（備考 保険者支援分 404,635×1／2）",,202317
,,,,"未就学児均等割保険税負担金（備考 9,068×1／2）",,4534
,,,,"産前産後保険税負担金（備考 2,854×1／2）",,1427
,,,老人福祉費負,,,84478
,,,,"介護保険低所得者保険料軽減負担金（備考 担金 168,957×1／2）",,84478
,,,児童福祉費負,,,2403489
,,,,"児童入所施設措置費負担金（備考 担金 母子生活支援施設 6,032×1／2 3,016 助産施設 3,224×1／2 1,612）",,4628
,,,,"児童扶養手当負担金（備考 852,000×1／3）",,284000
,,,,"未熟児養育医療費負担金（備考 8,000×1／2）",,4000
,,,,未熟児養育医療費負担金過年度分,,1
,,,,"施設型・地域型保育給付費負担金（備考 施設型給付 1号分 494,130×1／2 247,065 2号分 1,367,808×1／2 683,904 3号分 1,272,702×0.5823 741,094 地域型保育給付 家庭的保育 59,018×0.5823 34,366 小規模保育）",,2110860
,,教育費負担金,,,250000,220719
,,,幼稚園費負担,,,220719
,,,,"施設型・地域型保育給付費負担金（備考 金 施設型給付 1号分 593,331×1／2×0.744）",,220719
,,総務費補助金,,,66658,80002
,,,総務管理費補,,,24594
,,,,"地域女性活躍推進交付金（備考 助金 女性のデジタルスキル習得事業 1,243×3／4）",,932
,,,,"社会保障・税番号制度システム整備費補助金（備考 中間サーバー・プラットフォーム 4,920×10／10）",,4920
,,,,"デジタル田園都市国家構想交付金（備考 データ利活用促進事業 24,334×1／2 12,167 公共施設予約システム導入 7,755×1／2 3,877 公共施設予約システム利用料 1,386×1／2 693）",,16737
,,,,"外国人受入環境整備交付金（備考 運営事業 4,010×1／2）",,2005
,,,戸籍住民基本,,,55408
,,,,"社会保障・税番号制度システム整備費補助金（備考 台帳費補助金 戸籍読み仮名法制化対応 9,762×10／10）",,9762
,,,,"個人番号カード交付事務費補助金（備考 45,646×10／10）",,45646
,国庫補助金,,,,,4176782
,,民生費補助金,,,617150,1170690
,,,社会福祉費補,,,102727
,,,,"重層的支援体制整備事業交付金（備考 助金 多機関協働事業 5,669×1／2 2,834 自立相談支援事業 29,833×3／4 22,374 参加支援事業 40,425×1／2 20,212）",,49060
,,,,"生活困窮者支援等のための地域づくり事業（備考 7,280×1／2）",,3640
,,,,"地域少子化対策重点推進交付金（備考 結婚新生活支援事業 38,610×2／3）",,25740
,,,,"生活困窮者就労準備支援事業費等補助金（備考 一時生活支援事業 2,984×2／3 1,989 学習支援事業 23,245×1／2 11,622）",,24179
,,,,"就労準備支援事業（生活困窮者・被保護者分）（備考 10,568×2／3 家計改善支援事業 5,285×2／3 3,523）",,7045
,,,,"女性保護費補助金（備考 7,496×1／2）",,3748
,,,老人福祉費補,,,145512
,,,,"介護保険事業費補助金（備考 助金 介護保険システム改修 19,195×1／2）",,9597
,,,,"生活困窮者就労準備支援事業費等補助金（備考 成年後見制度利用促進体制整備推進事業 2,000×1／2）",,1000
,,,,"重層的支援体制整備事業交付金（備考 地域包括支援センター運営事業 314,687×0.385 121,154 生活支援体制整備事業 35,743×0.385 13,761）",,134915
,,,児童福祉費補,,,863824
,,,,"児童虐待防止対策支援事業費補助金（備考 助金 こどもの権利擁護環境整備事業 974×1／2 487 スーパーバイズ事業 1,516×1／2 758 研修事業 10×1／2 5 医療的機能強化事業 1,400×1／2 700）",,5175
,,衛生費補助金,,,121292,131415
,,,保健衛生費補,,,32039
,,,,感染症予防事業費等補助金（備考 助金 新たなステージに入ったがん検診の 総合支援事業（子宮・乳））,,13638
,,農林水産業費補助金,,,24700,20500
,,,農業費補助金,,,20500
,,,,"デジタル田園都市国家構想交付金（備考 茶業推進事業 4,000×1／2）",,2000
,,商工費補助金,,,69198,25246
,,,商工費補助金,,,25246
,,,,"小規模事業者支援推進事業費補助金（備考 地域産業支援センター事業 20,000×1／2）",,10000
,,,,デジタル田園都市国家構想交付金,,12446
,,,,"新富士駅シェアオフィス進出企業連携事業（備考 10,000×1／2 自転車関連事業 14,893×1／2 7,446）",,5000
,,,,都市構造再編集中支援事業費補助金（備考 まちなかにぎわい創出事業 600×1／2）,,300
,,,,"地方スポーツ振興費補助金（備考 スポーツコミッション設置検討調査 2,500×10／10）",,2500
,,土木費補助金,,,943924,1884998
,,,道路橋梁費補,,,281225
,,,,"社会資本整備総合交付金（備考 助金 一色小沢３号線 73,000×1／2）",,36500
,,,,"防災・安全交付金（備考 田子浦鷹岡線（柚木）舗装 35,000×1／2 17,500 富士岡中里線舗装 20,000×1／2 10,000 厚原込野１６号線舗装 20,000×1／2 10,000 左富士臨港線舗装 25,000×1／2 12,500 吉原沼津線（浮島）舗装 20,000×1／2 10,000 道路照明灯定期点検 15,000×1／2 7,500 道路標識定期点検 10,000×1／2 5,000 新々富士川橋関連道路 20,000×1／2 10,000 青葉台小学校南地区計画・地区施設 24,000×1／2 12,000 橋梁耐震補強 4,000×1／2 2,000）",,96500
,,,,"道路メンテナンス事業補助金（備考 歩道等維持修繕 92,000×55／100 50,600 橋梁長寿命化修繕 177,500×55／100 97,625）",,148225
,,消防費補助金,,,3000,1145
,,,消防費補助金,,,1145
,,,,"デジタル田園都市国家構想交付金（備考 映像通報システム導入 2,290×1／2）",,1145
,,教育費補助金,,,400589,862786
,,,教育総務費補,,,3148
,,,,"へき地児童生徒援助費等補助金（備考 助金 児童通学用車両運行事業 6,296×1／2）",,3148
,,,小学校費補助,,,156595
,,,,"理科教育設備整備費等補助金（備考 金 3,600×1／2）",,1800
,,,,"要保護児童援助費補助金（備考 修学旅行費 25,560円×9人×1／2 115 医療費 10,400円×3人×1／2 15）",,130
,,,,"物価高騰対応重点支援地方創生臨時交付金（備考 小学校就学援助事業 16,970×10／10）",,16970
,,,,"特別支援教育就学奨励費補助金（備考 学用品費・給食費・修学旅行費等 10,115×1／2）",,5057
,,,,"学校施設環境改善交付金（備考 特別教室空調設備設置 117,000×1／3 39,000 吉永第二小学校屋内運動場リニューアル 外壁改修 45,265×1／3 15,088 トイレ改修 7,791×1／3 2,597）",,132638
,国庫委託金,,,,,48304
,,総務費委託金,,,1492,1473
,,,戸籍住民基本,,,1450
,,,,中長期在留者住居地届出等事務委託金,,1370
,,,,台帳費委託金 自衛官募集事務委託金,,80
,,,選挙費委託金,,,23
,,,,在外選挙人名簿登録事務委託金,,23
,,民生費委託金,,,47774,46831
,,,社会福祉費委,,,45829
,,,,国民年金事務費交付金,,44715
,,,,託金 特別障害給付金事務費交付金,,34
,,,,年金生活者支援給付金支給業務市町村事務取扱交付金,,902
,,,,遺族及留守家族等援護費事務委託金,,178
,,,障害者福祉費,,,1002
,,,,特別児童扶養手当事務委託金（備考 委託金 （廃目））,,1002
県支出金,,,,,6995237,7269443
,県負担金,,,,,4704900
,,民生費負担金,,,4441575,4594541
,,,社会福祉費負,,,1118898
,,,,民生委員事務費負担金,,35104
,,,,担金 行旅死亡人等取扱費負担金,,643
,,,,"保険基盤安定負担金（国民健康保険）（備考 保険税軽減分 682,742×3／4 512,056 保険者支援分 404,635×1／4 101,159）",,613215
,,,,"未就学児均等割保険税負担金（備考 9,068×1／4）",,2267
,,,,"産前産後保険税負担金（備考 2,854×1／4）",,713
,,,,"保険基盤安定負担金（後期高齢者医療）（備考 保険料軽減分 618,272×3／4 463,704 被扶養者軽減分 4,336×3／4 3,252）",,466956
,,,老人福祉費負,,,42239
,,,,"介護保険低所得者保険料軽減負担金（備考 担金 168,957×1／4）",,42239
,,,児童福祉費負,,,892984
,,,,"児童入所施設措置費負担金（備考 担金 母子生活支援施設 6,032×1／4 1,508 助産施設 3,224×1／4 806）",,2314
,,,,"未熟児養育医療費負担金（備考 8,000×1／4）",,2000
,,,,未熟児養育医療費負担金過年度分,,1
,,,,"施設型・地域型保育給付費負担金（備考 施設型給付 1号分 494,130×1／4 123,532 2号分 1,367,808×1／4 341,952 3号分 1,272,702×0.20885 265,804 地域型保育給付 家庭的保育 59,018×0.20885 12,326 小規模保育）",,888669
,,教育費負担金,,,125000,110359
,,,幼稚園費負担,,,110359
,,,,"施設型・地域型保育給付費負担金（備考 金 施設型給付 1号分 593,331×1／4×0.744）",,110359
,県補助金,,,,,2091327
,,総務費補助金,,,54130,55454
,,,総務管理費補,,,55454
,,,,"ふじのくにフロンティア推進エリア形成事業費補助金（備考 助金 移住定住者の受け皿づくり等支援 4,999×1／2）",,2499
,,,,ふじのくに新・少子化突破展開事業費補助金,,4205
,,,,"大学生等によるワークシェアの社会実装支援（備考 2,200×1／2 テレワーク移住支援事業 6,111×1／2 3,055 男性の子育て支援講座 100×1／2 50）",,1100
,,,,"移住就業支援事業費補助金（備考 50,000×3／4）",,37500
,,,,地方就職学生支援事業費補助金（備考 地方就職学生支援事業 60×3／4 45）,,45
,,,,"消費者行政強化促進事業費補助金（備考 消費者行政促進事業 3,324×10／10＋1,045×1／2 3,846 ＳＤＧｓ普及啓発事業 5,946×1／2 2,973）",,6819
,,,,人権問題啓発事業費交付金（備考 男女共同参画普及啓発事業 518×1／2）,,259
,,,,地震・津波対策等減災交付金（備考 子育て世代防災セミナー 106×1／3）,,35
,,,,"コミュニティ施設整備事業費補助金（備考 公会堂設置費等補助金 5,300×1／2）",,2650
,,,,初期日本語教室設置運営事業費補助金,,442
,,民生費補助金,,,1147262,1110807
,,,社会福祉費補,,,13856
,,,,"重層的支援体制整備事業交付金（備考 助金 多機関協働事業 5,669×1／4 1,417 参加支援事業 40,425×1／4 10,106）",,11523
,,,,"地震・津波対策等減災交付金（備考 避難行動要支援者支援計画啓発事業 1,745×1／2 872 避難行動要支援者名簿同意確認事業 2,923×1／2 1,461）",,2333
,,,老人福祉費補,,,80509
,,,,"高齢者地域福祉推進事業費補助金（備考 助金 老人クラブ活動助成事業等 4,586×2／3 3,057 老人クラブ支援体制強化事業 3,192×2／3 2,128）",,5185
,,,,地震・津波対策等減災交付金（備考 福祉避難所紙おむつ 172×1／2）,,86
,,,,"成年後見推進事業費補助金（備考 市民後見人養成事業 2,500×10／10）",,2500
,,,,"重層的支援体制整備事業交付金（備考 地域包括支援センター運営事業 314,687×0.1925 60,577 生活支援体制整備事業 35,743×0.1925 6,880）",,67457
,,,,介護保険低所得者利用者負担対策事業費補助金,,5281
,,,,障害者ホームヘルプサービス利用者支援措置事業（備考 35×3／4）,,26
,,,,"社会福祉法人等低所得者利用者負担軽減制度事業（備考 7,007×3／4）",,5255
,,,児童福祉費補,,,788208
,,,,"ふじのくに新・少子化突破展開事業費補助金（備考 助金 オフィシャルサポーター認定制度事業 2,500×1／2）",,1250
,,,,ふじのくにフロンティア推進エリア形成事業費補助金（備考 子育て応援アプリ運用 660×1／2）,,330
,,衛生費補助金,,,53474,50760
,,,保健衛生費補,,,38913
,,,,"地震・津波対策等減災交付金（備考 助金 妊産婦避難所資器材等整備 199×1／2＋8×1／3 101 感染防護資材整備 539×1／2 269 医療救護所資器材等整備 6,039×1／3 2,013）",,2383
,,,,"健康増進事業費補助金（備考 健康教育事業 920×2／3 613 健康相談事業 483×2／3 322 訪問指導事業 209×2／3 139 肝炎ウイルス検診等事業 14,917×2／3 9,944 肝炎ウイルス自己負担相当額 478×10／10 478）",,11496
,,,,地域自殺対策強化事業費補助金（備考 対面相談事業 433×1／2 216 人材養成事業 103×1／2 51 こころのゲートキーパー養成事業 19×2／3 12 普及啓発事業 531×1／2 265 計画策定実態調査事業 65×1／2 32）,,576
,,,,不育症治療費助成事業費補助金（備考 不育症治療 243×2／7）,,69
,,,,"子育て支援事業費補助金（備考 乳児家庭全戸訪問事業 7,313×1／3 2,437 養育支援訪問事業 1,639×1／3 546）",,2983
,,労働費補助金,,,350,583
,,,労働費補助金,,,583
,,,,"ふじのくにフロンティア推進エリア形成事業費補助金（備考 複業人材活用導入支援事業 1,166×1／2）",,583
,,農林水産業費補助金,,,87435,66990
,,,農業費補助金,,,47032
,,,,農業委員会交付金,,3113
,,商工費補助金,,,238275,161419
,,,商工費補助金,,,161419
,,,,工業用地等開発可能性基本調査費補助金,,2500
,,土木費補助金,,,121560,435053
,,,土木管理費補,,,6803
,,,,"地籍調査事業費補助金（備考 助金 8,852×3／4）",,6639
,,,,地震・津波対策等減災交付金（備考 道路啓開訓練 492×1／3）,,164
,,,河川費補助金,,,25500
,,,,河川海岸愛護事業費補助金（備考 春堀清掃事業）,,1500
,,,,"都市基盤河川改修事業費補助金（備考 富士早川 72,000×1／3）",,24000
,,,都市計画費補,,,402450
,,,,"地震・津波対策等減災交付金（備考 助金 事前都市復興計画改定 9,000×1／4 2,250 耐震シェルター 124×1台×1／2 62 防災ベッド 100×1台×1／2 50 埋立て事業地監視用ドローン活用事業 440×1／2 220）",,2582
,,,,"市町自主運行バス事業費補助金（備考 19,263×9／20×1／4）",,2167
,,,,"鉄道駅ユニバーサルデザイン施設整備事業費補助金（備考 富士川駅バリアフリー化事業 17,500×1／3）",,5834
,,,,"街路事業費補助金（備考 左富士臨港線（青葉台東工区） 85,000×1／4 21,250 中島林町線 1,000×1／4 250 五味島岩本線（四ツ家東工区） 35,600×1／4 8,900 大淵横沢１０号線 73,000×1／4 18,250 富士鷹岡線（川久保交差点） 90,800×1／4 22,700）",,71350
,,消防費補助金,,,95247,95954
,,,消防費補助金,,,95954
,,,,"地震・津波対策等減災交付金（消防分）（備考 消防活動用ドローン活用事業 8,904×1／2 4,452 非常用自家発電設備整備 60,000×1／3 20,000 救急用資機材等整備 5,853×1／3 1,951 消防まつり開催 1,000×2／3 666 消火栓整備 65,780×1／3 21,926 消防用資機材等整備 10,737×1／3 3,579）",,66880
,,,,"消防車両整備（備考 消防団資機材等整備 3,168×1／2＋8,166×1／3 4,306）",,10000
,,,,地震・津波対策等減災交付金（防災分）,,27173
,,教育費補助金,,,126282,114307
,,,教育総務費補,,,6475
,,,,部活動地域移行体制整備事業費補助金（備考 助金 中学校部活動地域移行協議会 236×2／3）,,157
,,,,"部活動指導員配置事業費補助金（備考 部活動指導員 4,340×2／3）",,2893
,,,,"学校・家庭・地域連携協力推進事業費補助金（備考 放課後学習支援ボランティア 2,697×2／3×0.7）",,1258
,,,,"不登校、いじめ対策等の推進事業費補助金（備考 心の健康観察アプリ導入 2,167×10／10）",,2167
,,,小学校費補助,,,1733
,,,,"地震・津波対策等減災交付金（備考 金 ガラス飛散防止フィルム貼替 5,200×1／3）",,1733
,,,中学校費補助,,,433
,,,,"地震・津波対策等減災交付金（備考 金 ガラス飛散防止フィルム貼替 1,300×1／3）",,433
,県委託金,,,,,473216
,,総務費委託金,,,475290,443634
,,,総務管理費委,,,1030
,,,,地方自治法取扱事務委託金,,1
,,,,託金 特定非営利活動促進法等取扱事務委託金,,1029
,,,徴税費委託金,,,428232
,,,,"県民税徴収取扱事務委託金（備考 現年課税分 135,200人×3,000円 405,600 滞納繰越分 180×7／100 12）",,428232
,,民生費委託金,,,6272,8227
,,,社会福祉費委,,,3554
,,,,人権啓発活動事業委託金,,961
,,,,託金 民生委員法取扱事務委託金,,576
,,,,老人福祉法取扱事務委託金,,2017
,,,児童福祉費委,,,738
,,,,児童福祉法関係取扱事務委託金,,4
,,,,託金 認定こども園に関する事務委託金,,113
,,,,地域子育て支援拠点事業等取扱事務委託金,,621
,,,障害者福祉費,,,3550
,,,,療育手帳取扱事務委託金,,1272
,,,,委託金 身体障害者手帳取扱事務委託金,,1977
,,,,心身障害者扶養共済制度取扱事務委託金,,301
,,,生活保護費委,,,385
,,,,ホームレス実態調査委託金,,30
,,,,託金 国民生活基礎調査委託金,,355
,,衛生費委託金,,,16781,14190
,,,保健衛生費委,,,1027
,,,,動物の愛護及び管理事務委託金（備考 託金）,,1027
,,農林水産業費委託金,,,1997,2073
,,,農業費委託金,,,249
,,,,農地法関係取扱事務委託金,,214
,,,,土地改良法取扱事務委託金,,35
,,,林業費委託金,,,1824
,,,,森林法取扱事務委託金,,380
,,,,東海自然歩道管理委託金,,1444
,,商工費委託金,,,296,186
,,,商工費委託金,,,186
,,,,中小企業等協同組合法関係取扱事務委託金,,177
,,,,商工会議所法取扱事務委託金,,8
,,,,商工会法取扱事務委託金,,1
,,土木費委託金,,,946,1180
,,,土木管理費委,,,197
,,,,国有財産事務委託金（備考 託金）,,197
,,,都市計画費委,,,980
,,,,福祉のまちづくり事務委託金,,87
,,,,託金 地球温暖化防止条例取扱事務委託金,,99
,,,,県建築基準条例関係取扱事務委託金,,15
,,,,屋外広告物簡易除去事務委託金,,7
,,,,国土利用計画法関連事務委託金,,772
,,,住宅費委託金,,,3
,,,,高齢者の居住の安定確保に関する事務委託金,,3
,,消防費委託金,,,418,418
,,,消防費委託金,,,418
,,,,高圧ガス立入検査取扱事務委託金,,20
,,,,液化石油ガス設備取扱事務委託金,,71
,,,,田子の浦港海岸陸閘操作委託金,,327
,,教育費委託金,,,2647,3308
,,,社会教育費委,,,3308
,,,,文化財保護事務委託金（備考 託金）,,3308
財産収入,,,,,204760,286054
,財産運用収入,,,,,120923
,,財産貸付収入,,,81961,82924
,,,土地建物貸付,,,82924
,,,,市有土地貸付料,,44727
,,,,収入 市有建物貸付料,,35858
,,,,送電線等敷地料,,2339
,,利子及び配当金,,,19645,37999
,,,基金利子,,,36406
,,,,財政調整基金利子,,20492
,,,,育英奨学基金利子,,138
,,,,福祉基金利子,,707
,,,,国際交流基金利子,,2347
,,,,文化振興基金利子,,2216
,,,,教育振興基金利子,,82
,,,,ふるさと・水と土基金利子,,9
,,,,新環境クリーンセンター建設基金利子,,1164
,,,,大村教育施設等整備基金利子,,156
,,,,公共建築物保全基金利子,,4237
,,,,総合体育館建設基金利子,,4
,,,,ふるさと応援基金利子,,1
,,,,森林環境基金利子,,139
,,,,新病院建設基金利子,,4125
,,,,富士・愛鷹山麓地域森林機能保全基金利子,,3
,,,,職員退職手当基金利子,,531
,,,,企業版ふるさと納税基金利子,,55
,,,株式配当金,,,1593
,,,,田子の浦埠頭㈱株式配当金,,750
,,,,㈱みずほフィナンシャルグループ株式配当金,,133
,,,,㈱静岡銀行株式配当金,,508
,,,,㈱ＴＯＫＡＩホールディングス株式配当金,,194
,,,,㈱清水銀行株式配当金,,8
,財産売払収入,,,,,165131
,,不動産売払収入,,,90271,153399
,,,土地売払収入,,,153398
,,,,市有土地売払収入,,153398
,,,建物売払収入,,,1
,,,,市有建物売払収入,,1
,,物品売払収入,,,8338,7847
,,,物品売払収入,,,7847
,,,,都市計画図等売払収入,,193
,,,,市民文芸等有償頒布収入,,302
,,,,博物館出版物等有償頒布収入,,981
,,,,社会科副読本有償頒布収入,,1934
,,,,市史等有償頒布収入,,4
,,,,文化財関連出版物等有償頒布収入,,309
,,,,不用品売払収入,,4070
,,,,各種競技会プログラム売払収入,,10
,,,,統計書・その他頒布収入,,44
,,立木売払収入,,,4545,3885
,,,立木売払収入,,,3885
,,,,間伐材等売払収入,,3885
寄附金,,,,,1506806,3506306
,寄附金,,,,,3506306
,,総務費寄附金,,,1502500,3502000
,,,総務管理費寄,,,3502000
,,,,ふるさと納税寄附金,,3500000
,,,,附金 ふるさと応援基金寄附金,,1000
,,,,ＳＤＧｓプロジェクトエッグ支援寄附金,,1000
,,民生費寄附金,,,2000,2000
,,,社会福祉費寄,,,2000
,,,,福祉基金寄附金（備考 附金）,,2000
,,衛生費寄附金,,,1801,1801
,,,環境対策費寄,,,1800
,,,,ブナ林創造事業寄附金（備考 附金）,,1800
,,,病院費寄附金,,,1
,,,,新病院建設基金寄附金,,1
,,消防費寄附金,,,2,2
,,,消防費寄附金,,,2
,,,,消防事業寄附金,,1
,,,,防災費寄附金,,1
,,教育費寄附金,,,503,503
,,,小学校費寄附,,,1
,,,,小学校費寄附金（備考 金）,,1
,,,中学校費寄附,,,1
,,,,中学校費寄附金（備考 金）,,1
,,,社会教育費寄,,,500
,,,,文化振興基金寄附金（備考 附金）,,500
,,,体育保健費寄,,,1
,,,,総合体育館建設基金寄附金（備考 附金）,,1
繰入金,,,,,1971079,849080
,特別会計繰入金,,,,,130494
,,後期高齢者医療事業特別会計繰入金,,,1,1
,,,後期高齢者医,,,1
,,,,後期高齢者医療事業特別会計繰入金（備考 療事業特別会 計繰入金）,,1
,,介護保険事業特別会計繰入金,,,15204,100743
,,,介護保険事業,,,100743
,,,,高齢者対策事業費充当,,299
,,,,特別会計繰入 要援護高齢者対策事業費充当,,409
,,,,金 重層的支援体制整備事業充当,,100034
,,,,その他分,,1
,,駐車場事業特別会計繰入金,,,26000,29000
,,,駐車場事業特,,,29000
,,,,駐車場事業特別会計繰入金（備考 別会計繰入金）,,29000
,,鈴川財産区他特別会計繰入金,,,700,750
,,,鈴川財産区他,,,750
,,,,森林被害木対策事業費充当,,750
,,,,特別会計繰入 鈴川財産区特別会計繰入金,,150
,,,,金 今井財産区特別会計繰入金,,150
,,,,大野新田財産区特別会計繰入金,,150
,,,,檜新田財産区特別会計繰入金,,150
,,,,田中新田財産区特別会計繰入金（備考 （廃目） （廃目））,,150
,基金繰入金,,,,,718586
,,財政調整基金繰入金,,,400000,300000
,,,財政調整基金,,,300000
,,,,財源調整分（備考 繰入金）,,300000
,,育英奨学基金繰入金,,,5000,5000
,,,育英奨学基金,,,5000
,,,,育英奨学資金事業費充当（備考 繰入金）,,5000
,,福祉基金繰入金,,,28470,24914
,,,福祉基金繰入,,,24914
,,,,女性保護相談事業費充当,,50
,,,,金 社会福祉センター運営管理事業費充当,,1000
,,,,社会福祉協議会助成費充当,,1500
,,,,放課後児童クラブ施設管理費充当,,1000
,,,,子どもの貧困対策事業費充当,,1044
,,,,就労機能パワーアップ事業費充当,,1500
,,,,ふじやま学園管理費充当,,4430
,,,,こども発達センター費充当,,14390
,,国際交流基金繰入金,,,2000,5500
,,,国際交流基金,,,5500
,,,,海外都市交流事業費充当（備考 繰入金）,,5500
,,文化振興基金繰入金,,,7500,8209
,,,文化振興基金,,,8209
,,,,文化振興基金助成費充当,,1800
,,,,繰入金 文化会館自主事業助成費充当,,5000
,,,,総合体育館文化創造事業費充当,,1409
,,教育振興基金繰入金,,,2560,2560
,,,教育振興基金,,,2560
,,,,教育研究事業費充当,,2000
,,,,繰入金 教育研究指定校事業費充当,,480
,,,,幼稚園教育研究事業費充当,,80
,,ふるさと・水と土基金繰入金,,,1000,1000
,,,ふるさと・水,,,1000
,,,,農用地地域共同活動事業費充当（備考 と土基金繰入 金）,,1000
,,新環境クリーンセンター建設基金繰入金,,,179000,100000
,,,新環境クリー,,,100000
,,,,新環境クリーンセンター建設事業費充当（備考 ンセンター建 設基金繰入金）,,100000
,,大村教育施設等整備基金繰入金,,,16000,20000
,,,大村教育施設,,,20000
,,,,古谿荘保護管理事業費充当（備考 等整備基金繰 入金）,,20000
,,公共建築物保全基金繰入金,,,200000,200000
,,,公共建築物保,,,200000
,,,,まちづくりセンターリニューアル事業費充当,,20000
,,,,全基金繰入金 小学校屋内運動場リニューアル事業費充当,,10000
,,,,小学校長寿命化改修事業費充当,,80000
,,,,中学校屋内運動場リニューアル事業費充当,,10000
,,,,中学校長寿命化改修事業費充当,,80000
,,総合体育館建設基金繰入金,,,310000,3515
,,,総合体育館建,,,3515
,,,,総合体育館建設事業費充当（備考 設基金繰入金）,,3515
,,ふるさと応援基金繰入金,,,1096,1467
,,,ふるさと応援,,,1467
,,,,魅力創造発信事業費充当,,110
,,,,基金繰入金 ユニバーサル就労推進事業費充当,,20
,,,,富士山麓ブナ林創造事業費充当,,89
,,,,富士山活用推進事業費充当,,160
,,,,富士山女子駅伝事業費充当,,26
,,,,花いっぱい・緑いっぱい事業費充当,,105
,,,,備蓄資機材整備事業費充当,,957
,,森林環境基金繰入金,,,36060,38641
,,,森林環境基金,,,38641
,,,,林業振興事業費充当,,3000
,,,,繰入金 森林経営管理事業費充当,,33641
,,,,富士ひのきの森整備事業費充当,,2000
,,富士・愛鷹山麓地域森林機能保全基金繰入金,,,0,1800
,,,富士・愛鷹山,,,1800
,,,,富士・愛鷹山麓地域環境管理計画推進事業費充当（備考 麓地域森林機 能保全基金繰 入金）,,1800
,,企業版ふるさと納税基金繰入金,,,0,5980
,,,企業版ふるさ,,,5980
,,,,ＳＤＧｓ推進事業費充当,,4980
,,,,と納税基金繰 田子の浦港にぎわい推進事業費充当（備考 入金 （廃目））,,1000
繰越金,,,,,1000000,1000000
,繰越金,,,,,1000000
,,前年度繰越金,,,1000000,1000000
,,,前年度繰越金,,,1000000
諸収入,,,,,2461212,3207031
,延滞金加算金及び過料,,,,,30002
,,延滞金,,,30000,30000
,,,延滞金,,,30000
,,,,市税等に係る延滞金,,30000
,,加算金,,,1,1
,,,加算金,,,1
,,過料,,,1,1
,,,過料,,,1
,市預金利子,,,,,2799
,,預金利子,,,407,2799
,,,預金利子,,,2799
,貸付金元利収入,,,,,8000
,,重度医療費等貸付金収入,,,1000,1000
,,,重度医療費等,,,1000
,,,,重度医療費等貸付金収入（備考 貸付金収入）,,1000
,,中小企業経営活性化資金貸付金収入,,,16000,7000
,,,中小企業経営,,,7000
,,,,商工組合中央金庫預託金収入（備考 活性化資金貸 付金収入）,,7000
,受託事業収入,,,,,5327
,,農林水産業費受託事業収入,,,5325,5327
,,,農業費受託事,,,5327
,,,,農地中間管理事業受託金（備考 業収入）,,5327
,雑入,,,,,3160903
,,滞納処分費,,,1030,1030
,,,滞納処分費,,,1030
,,弁償金,,,79,65
,,,弁償金,,,65
,,違約金及び延納利息,,,1,1
,,,違約金及び延,,,1
,,,,違約金及び延納利息（備考 納利息）,,1
,,障害者福祉費納付金,,,192845,196527
,,,障害者福祉費,,,31803
,,,,心身障害者扶養共済制度給付金,,27130
,,,,納付金 心身障害者扶養共済制度掛金,,4673
,,,障害児施設納,,,164724
,,,,ふじやま学園日中一時支援事業委託費,,4162
,,,,付金 ふじやま学園短期入所給付費,,4139
,,,,ふじやま学園施設入所給付費,,23662
,,,,計画相談支援給付費,,6982
,,,,こども発達センター施設利用給付費,,125779
,,環境対策費納付金,,,8086,8057
,,,公害病補償給,,,8057
,,,,環境保全協会納付金（備考 付費納付金）,,8057
,,雑入,,,2206437,2955223
,,,議会費雑入,,,769
,,,,議会タブレット議員負担金,,768
,,,,その他雑入,,1
,,,総務費雑入,,,754226
,,,,会計年度任用職員雇用保険料負担金,,10928
,,,,特別排水路使用料,,1413
,,,,自動車等損害賠償保険金収入,,1500
,,,,建物共済保険金収入,,1000
,,,,電気料等使用者負担金,,8289
,,,,私用電話料,,438
,,,,公衆電話手数料,,1
,,,,自治総合センター助成金,,8900
,,,,クリーンエネルギー自動車導入促進補助金,,2099
,,,,県市町村振興協会助成金,,35450
,,,,自動車重量税還付金,,10
市債,,,,,5963000,10676600
,市債,,,,,10676600
,,総務債,,,227300,393700
,,,総務管理債,,,393700
,,,,財産管理事業債,,17700
,,,,庁舎改修事業債,,38900
,,,,ワークプレイス改善事業債,,50900
,,,,庁内ネットワーク更新事業債,,42300
,,,,市民交流施設改修事業債,,10700
,,,,まちづくりセンター改修事業債,,233200
,,民生債,,,16800,116600
,,,社会福祉債,,,23000
,,,,社会福祉センター改修事業債,,23000
,,,児童福祉債,,,87200
,,,,保育園施設等改修事業債,,26100
,,,,私立保育園等整備費補助事業債,,61100
,,,障害福祉債,,,6400
,,,,ふじやま学園改修事業債,,6400
,,衛生債,,,222200,480900
,,,保健衛生債,,,31700
,,,,救急医療センター改修事業債,,28000
,,,,看護専門学校改修事業債,,3700
,,,清掃債,,,134200
,,,,クリーンセンターききょう改修事業債,,128000
,,,,中野台下水処理施設改修事業債,,6200
,,,環境対策債,,,315000
,,,,富士・愛鷹山麓地域環境保全事業債,,315000
,,労働債,,,0,104700
,,,労働債,,,104700
,,,,勤労者総合福祉センター解体事業債,,104700
,,農林水産業債,,,123700,129000
,,,農業債,,,63000
,,,,農道等整備事業債,,63000
,,,林業債,,,66000
,,,,林道等整備事業債,,66000
,,商工債,,,32100,13300
,,,商工債,,,13300
,,,,産業交流展示場改修事業債,,13300
,,土木債,,,2133000,2952300
,,,土木管理債,,,15000
,,,,急傾斜地整備事業債,,15000
,,,道路橋梁債,,,957600
,,,,道路整備事業債,,957600
,,,河川債,,,269500
,,,,河川整備事業債,,269500
,,消防債,,,116400,404700
,,,消防債,,,404700
,,,,消防施設整備事業債,,383200
,,,,防災基盤整備事業債,,21500
,,教育債,,,3071500,6045400
,,,小学校債,,,444000
,,,,小学校空調設備整備事業債,,58500
,,,,小学校屋内運動場リニューアル事業債,,57000
,,,,小学校校舎等改修事業債,,328500
,,,中学校債,,,634600
,,,,中学校空調設備整備事業債,,41500
,,,,中学校屋内運動場リニューアル事業債,,125200
,,,,中学校校舎等改修事業債,,335700
,,,,岳陽中学校武道場整備事業債,,132200
,,,高等学校債,,,295200
,,,,高等学校校舎等改修事業債,,295200
,,,社会教育債,,,73600
,,,,文化会館改修事業債,,13300
,,,,文化財整備事業債,,60300
,,,体育保健債,,,4598000
,,,,富士川体育館改修事業債,,20200
,,,,総合運動公園施設改修事業債,,268100
,,,,東球場改修事業債,,14800
,,,,砂山公園プール改修事業債,,14300
,,,,総合体育館建設事業債,,4280600
,,災害復旧債,,,20000,36000
,,,土木施設災害,,,36000
,,,,土木管理施設災害復旧事業債（備考 復旧債）,,36000
議会費,,,,,489257,481596
,議会費,,,,,481596
,,議会費,,,489257,481596
,,,報酬,,,206011
,,,職員手当等,,,118592
,,,,"休日勤務手当（備考 全員協議会室及び委員会室 期末手当 10,700 映像配信システム運用管理 勤勉手当 7,633 003 議会渉外事業費 2,141 議員期末手当 91,622 全国市議会議長会負担金 925）",,50
,,,,"東海市議会議長会負担金（備考 4 共済費 73,817）",,44
,,,,県市議会議長会負担金,,107
,,,報償費,,,196
,,,,全国自治体病院経営都市議会協議会（備考 負担金）,,18
,,,旅費,,,3741
,,,,全国高速自動車道市議会協議会負担金,,20
,,,,"会議、研修会出席者負担金（備考 費用弁償 2,783 004 議員調査活動事業費 13,501 普通旅費 9 政務活動費交付金 12,288 特別旅費 949 005 議会広報事業費 5,516 議会だより発行 9 交際費 200 003 議会事務局運営費 575）",,191
,,,需用費,,,6688
,,,,会議、研修会出席者負担金,,56
,,,,消耗品費,,1056
総務費,,,,,8778552,9013376
,総務管理費,,,,,7519634
,,一般管理費,,,2122248,2074044
,,,給料,,,765532
,,,,管理職手当（備考 001 職員退職手当基金積立事業費 531）,,20920
,,,,扶養手当（備考 職員退職手当基金積立金）,,23366
,,,,"地域手当（備考 003 一般管理費 2,998 住居手当 7,492 001 市民総合賠償補償保険費 2,998）",,23223
,,,,"通勤手当（備考 補限度額 時間外勤務手 77,078 身体賠償1人 1億5千万円 1事故 15億円 財物賠償1事故 2千万円 当 個人情報漏えいによる損害賠償 2億円 個人情報漏えいによる対応費用 休日勤務手当 1,800 1事故 1千万円 年間 3千万円 サイバーリスクによる損害賠償 2億円 期末手当 186,648 サイバーリスクによる対応費用 1事故 年間 3千万円）",,16852
,,,,"勤勉手当（備考 004 秘書事務費 5,522）",,138772
,,,,"退職手当（備考 001 秘書事務費 5,522）",,421884
,,,,児童手当（備考 一般秘書事務経費）,,120246
,,,共済費,,,261180
,,,,全国市長会分担金,,915
,,,,"県市長会分担金（備考 8 旅費 1,475）",,999
,,,,県市政事務研究会分担金（備考 サンフロント２１懇話会負担金 10）,,139
,,,,普通旅費（備考 第１３８回東海市長会通常総会負担金 10）,,303
,,,,特別旅費（備考 第１３９回東海市長会通常総会負担金 10）,,1172
,,,需用費,,,1454
,,,,県市政事務研究会県外都市行政調査（備考 負担金）,,40
,,,,消耗品費,,1219
,,,,県東部市長会議負担金,,60
,,,,食糧費,,7
,,,,県東部副市長会議負担金,,30
,,,,印刷製本費,,228
,,,,全国都市問題会議負担金,,20
,,,役務費,,,3003
,,,,県防衛協会負担金,,10
,,,,北方領土返還要求静岡県民会議負担金,,30
,,人事管理費,,,175506,191399
,,,報酬,,,46361
,,,,"期末手当（備考 004 パートタイム会計年度任用職員 105,919）",,8955
,,,,"勤勉手当（備考 002 職員管理費 11,423）",,1097
,,,共済費,,,47341
,,,報償費,,,8240
,,,,"会議、研修会出席者負担金（備考 003 人材育成費 14,392 8 旅費 6,158 001 人材育成事業費 14,392 基本研修、専門研修、派遣研修、自主研修）",,136
,,,,費用弁償,,2484
,,,,自己啓発活動助成金,,400
,,,,普通旅費,,135
,,,,自主研究グループ活動助成金,,150
,,,,特別旅費,,3539
,,,,職員資格取得等助成金,,200
,,,需用費,,,5704
,,,,日本経営協会負担金,,50
,,,,県市職員研修協議会負担金,,8
,,文書費,,,63080,61802
,,,報酬,,,5859
,,,,"期末手当（備考 004 パートタイム会計年度任用職員 8,470）",,1135
,,,,"勤勉手当（備考 002 行政管理費 5,659）",,139
,,,共済費,,,1208
,,市史編さん,,,3544,3824
,,,報酬,,,2529
,,広報広聴費,,,97891,95342
,,,報酬,,,3241
,,,旅費,,,336
,,,,消耗品費（備考 市ウェブサイト運営管理）,,685
,,,,印刷製本費（備考 市ＬＩＮＥ公式アカウント運営管理）,,45795
,,,,修繕料,,100
,,,,日本広報協会負担金,,42
,,シティプロ,,,68765,90886
,,,報酬,,,2093
,,,,期末手当（備考 シティプロモーションキャラクター活用事業）,,419
,,,,勤勉手当（備考 トラックボディプリント）,,52
,,,共済費,,,410
,,,旅費,,,400
,,市民相談費,,,15347,15367
,,,報酬,,,8669
,,,,"期末手当（備考 001 市民相談事業費 1,872）",,1762
,,,,勤勉手当（備考 市民相談（民事・一般相談、交通事故相談 ほか））,,216
,,消費者対策,,,24382,27011
,,,報酬,,,14148
,,,,"期末手当（備考 002 消費者対策費 6,125）",,2842
,,,,"勤勉手当（備考 001 消費者行政推進事業費 5,827）",,348
,,,共済費,,,2838
,,,旅費,,,911
,,男女共同参,,,18386,16151
,,,報酬,,,7204
,,,,"期末手当（備考 001 男女共同参画推進事業費 4,061）",,841
,,,,勤勉手当（備考 男女共同参画地区推進員事業）,,103
,,,共済費,,,906
,,財政管理費,,,4782,4185
,,,報酬,,,820
,,,,費用弁償（備考 統一的な基準による財務書類整備）,,11
,,,,普通旅費,,19
,,,,地方財務協会賛助会費,,40
,,,,特別旅費,,84
,,,,会議、研修会出席者負担金,,49
,,,需用費,,,511
,,会計管理費,,,31186,61782
,,,報酬,,,674
,,,旅費,,,85
,,,,普通旅費（備考 指定金融機関等関連経費）,,3
,,,,特別旅費,,32
,,,,会議、研修会出席者負担金,,35
,,,需用費,,,17313
,,,,"印刷製本費（備考 11 役務費 42,860）",,1634
,,,,通信運搬費,,3366
,,,,手数料,,39278
,,,,保険料,,216
,,契約管理費,,,7044,7512
,,,報酬,,,2411
,,,,"期末手当（備考 001 契約管理事業費 3,981）",,463
,,,,勤勉手当（備考 入札・契約事務関連経費）,,57
,,,共済費,,,478
,,,,県共同利用電子入札システム負担金,,3268
,,,,会議、研修会出席者負担金,,69
,,,,費用弁償,,128
,,,,普通旅費,,16
,,,,特別旅費（備考 10 需用費 563）,,7
,,,,消耗品費,,281
,,,,食糧費,,2
,,,,印刷製本費（備考 13 使用料及び賃 52 借料）,,280
,,工事検査費,,,542,553
,,,旅費,,,51
,,,需用費,,,316
,,,,会議、研修会出席者負担金,,83
,,,,消耗品費,,240
,,,,印刷製本費（備考 11 役務費 18）,,76
,,,,筆耕翻訳料（備考 13 使用料及び賃 20 借料 17 備品購入費 58 18 負担金、補助 90 及び交付金）,,18
,,,,負担金,,90
,,財産管理費,,,565019,681770
,,,報酬,,,16734
,,公用車管理,,,67557,68404
,,,報酬,,,4764
,,,,期末手当（備考 集中管理車両の維持管理 勤勉手当 117 車両 175台分 自動車保険料、重量税 ほか）,,952
,,,共済費,,,699
,,,,"ＪＡＦ継続会費（備考 002 公用車購入事業費 25,310 8 旅費 222 軽自動車 4台（電気自動車） 小型自動車 5台（うち、ハイブリット車4台））",,8
,,,,費用弁償（備考 普通自動車 1台（ハイブリット車））,,206
,,,,普通旅費（備考 003 安全運転管理事業費 673）,,15
,,,,特別旅費（備考 安全運転管理）,,1
,,,需用費,,,28948
,,,,富士地区安全運転管理協会負担金,,164
,,,,県安全運転管理協会富士地区負担金,,100
,,,,消耗品費,,2227
,,,,燃料費,,14792
,,,,印刷製本費,,23
,,,,"修繕料（備考 11 役務費 5,121）",,11906
,,,,手数料,,548
,,,,"自動車損害保（備考 険料 13 使用料及び賃 1,012 借料 17 備品購入費 25,310）",,4573
,,行政経営費,,,3611,71982
,,,旅費,,,1
,,,,中核市市長会中核市候補市参加負担金,,30
,,,,消耗品費,,51
,,,,会議、研修会出席者負担金,,35
,,,,"印刷製本費（備考 002 ワークプレイス改善事業費 70,147）",,123
,,,,修繕料（備考 8階総務部門フリーアドレス導入）,,1160
,,,委託料,,,68909
,,,,負担金,,65
,,情報システ,,,1644013,2381923
,,,報償費,,,297
,,,,費用弁償,,91
,,公平委員会,,,455,477
,,,報酬,,,210
,,,,費用弁償,,70
,,,,全国公平委員会連合会負担金,,58
,,,,特別旅費,,64
,,,,全国公平委員会連合会東海支部負担金,,10
,,,需用費,,,16
,,,,県公平委員会連合会負担金,,18
,,,,会議、研修会出席者負担金,,31
,,,,消耗品費,,15
,,,,食糧費（備考 18 負担金、補助 117 及び交付金）,,1
,,,,負担金,,117
,,地域振興費,,,143978,146712
,,,報酬,,,1806
,,住居表示整,,,81,46
,,,需用費,,,46
,,式典行事費,,,2041,1258
,,,報酬,,,50
,,,需用費,,,1
,,,,印刷製本費（備考 11 役務費 41）,,256
,,,,手数料,,2
,,,,筆耕翻訳料（備考 13 使用料及び賃 20 借料）,,39
,,多文化共生,,,26848,28499
,,,報酬,,,15712
,,,,期末手当（備考 国際交流ラウンジ言語通訳 16人）,,2358
,,,,"勤勉手当（備考 002 多文化共生費 6,422）",,289
,,,共済費,,,2540
,,,旅費,,,1215
,,防犯まちづ,,,59966,59465
,,,報酬,,,91
,,,旅費,,,16
,,,,"防犯思想普及事業費補助金（備考 10 需用費 1,595）",,8200
,,交通安全対,,,54985,60427
,,,報酬,,,1714
,,,,"期末手当（備考 003 交通安全普及事業費 19,800）",,343
,,,,"勤勉手当（備考 001 交通安全運動推進事業費 1,059）",,42
,,,共済費,,,368
,,市民活動支,,,29246,30112
,,,報酬,,,533
,,,旅費,,,26
,,市民交流施,,,122592,113957
,,,需用費,,,10263
,,,,"印刷製本費（備考 富士川ふれあいホール多目的室 修繕料 10,254 天井落下対策 12 委託料 96,279 14 工事請負費 7,315）",,8
,,まちづくり,,,632665,650599
,,,報酬,,,55492
,,,職員手当等,,,127261
,,,,時間外勤務手,,20000
,,,,"地区まちづくりセンター（備考 当 指定管理促進補助金 休日勤務手当 500 002 まちづくりセンター受付管理事業費 53,527 期末手当 54,369 受付管理業務（平日夜間、土曜日、日曜日） 勤勉手当 36,709 003 まちづくりセンター備品整備事業費 1,421 掃除機等の備品整備 4 共済費 75,573 004 市民サービスコーナー事業費 3,761）",,260
,,,旅費,,,2503
,,,,"消耗品費（備考 002 まちづくりセンター維持補修事業費 24,712）",,5587
,,,,燃料費（備考 石積擁壁改修詳細設計（今泉））,,414
,,,,食糧費（備考 駐車場舗装改修（吉永北））,,10
,,,,印刷製本費（備考 換気設備、非常用照明設備改修）,,1038
,,,,光熱水費（備考 不特定緊急維持補修 ほか）,,36367
,,まちづくり,,,226305,250879
,,,旅費,,,79
,,,,印刷製本費（備考 11 役務費 6）,,50
,,,,"手数料（備考 12 委託料 18,425）",,6
,,財政調整基,,,735108,20492
,,,積立金,,,20492
,,諸費,,,161000,161000
,,,補償、補及,,,1000
,徴税費,,,,,850689
,,税務総務費,,,616446,648430
,,,報酬,,,14346
,,,職員手当等,,,192720
,,賦課徴収費,,,196603,202259
,,,報酬,,,22920
,,,,"期末手当（備考 003 パートタイム会計年度任用職員 （資産税） 7,085）",,3526
,,,,"勤勉手当（備考 002 収税賦課収納事務費 76,223）",,433
,,,共済費,,,4483
,,,報償費,,,274
,,,旅費,,,2106
,,,,特別旅費（備考 市税キャッシュレス収納 スマートフォン決済アプリ）,,412
,,,需用費,,,7201
,,,,消耗品費,,2907
,,,,地方税共同機構負担金,,15600
,,,,印刷製本費,,4294
,,,,共通納税システム収納手数料負担金,,5406
,,,役務費,,,53220
,戸籍住民基本台帳費,,,,,495496
,選挙費,,,,,44707
,,選挙管理委,,,46542,44173
,,,報酬,,,2488
,,,職員手当等,,,12596
,,常時啓発費,,,504,534
,,,報償費,,,80
,統計調査費,,,,,36416
,,統計調査総,,,32093,36416
,,,報酬,,,9551
,,,職員手当等,,,7880
,監査委員費,,,,,66434
,,監査委員費,,,57647,66434
,,,報酬,,,2220
,,,職員手当等,,,18771
,,,,当 会議、研修会出席者負担金,,90
,,,,休日勤務手当,,50
,,,,期末手当,,9229
,,,,"勤勉手当（備考 4 共済費 11,205 8 旅費 194）",,5128
民生費,,,,,35294268,37723107
,社会福祉費,,,,,5657957
,,社会福祉総,,,824322,984592
,,,報酬,,,11007
,,,職員手当等,,,160983
,,,,社会福祉大会事業負担金,,300
,,,報償費,,,1681
,,,,人権相談事業費等負担金,,1013
,,,,"社会を明るくする運動負担金（備考 8 旅費 845 003 避難行動要支援者支援事業費 6,373 避難行動要支援者名簿同意確認事業）",,1600
,,,,費用弁償（備考 避難行動要支援者支援計画啓発事業）,,627
,,,,普通旅費（備考 個別避難計画作成促進事業）,,77
,,,,"特別旅費（備考 004 結婚支援事業費 48,326）",,141
,,,需用費,,,26420
,,,,"結婚新生活支援補助金（備考 消耗品費 2,184 ふじのくに出会いサポートセンター 1,300 登録料助成金）",,46100
,,,,食糧費,,11
,,,,ふじのくに結婚応援協議会負担金,,232
,,国民年金費,,,36566,39246
,,,報酬,,,5184
,,,職員手当等,,,9675
,,,,時間外勤務手（備考 当）,,547
,,,,休日勤務手当,,50
,,,,期末手当,,4881
,,,,勤勉手当,,3314
,,国民健康保,,,1443607,1445090
,,,繰出金,,,1445090
,,,,保険基盤安定分,,1087377
,,,,未就学児均等割保険税分,,9068
,,,,職員給与費等分,,216901
,,,,産前産後保険税分,,2854
,,,,出産育児一時金分,,33333
,,,,財政安定化支援事業分,,95557
,,後期高齢者,,,2902128,3189029
,,,負担金、補助,,,93924
,,,,"療養給付費分（備考 27 繰出金 3,095,105）",,2355832
,,,,保険基盤安定分,,622608
,,,,保健事業費分,,43422
,老人福祉費,,,,,3773176
,,高齢者対策,,,79766,82996
,,,報酬,,,2158
,,,,期末手当,,432
,,,,高齢者公共交通支援事業補助金,,23300
,,,,"勤勉手当（備考 003 ひとり暮らし高齢者等生活支援費 7,597）",,53
,,,共済費,,,473
,,,報償費,,,23370
,,,,費用弁償,,78
,,,,老人クラブ活動費補助金,,4589
,,,需用費,,,506
,,,,通信運搬費,,106
,,,,"筆耕翻訳料（備考 12 委託料 27,868）",,13
,,要援護高齢,,,357680,565885
,,,報酬,,,9647
,,,,"期末手当（備考 004 パートタイム会計年度任用職員（国保年金） 3,981）",,1759
,,,,"勤勉手当（備考 002 要援護高齢者福祉管理費 3,192）",,216
,,,共済費,,,1934
,,,,会議、研修会出席者負担金,,7
,,,旅費,,,687
,,,,特別旅費（備考 緊急保護措置費）,,182
,,,需用費,,,1261
,,介護保険費,,,3125797,3124295
,,,需用費,,,2
,,,,社会福祉法人等による利用者負担（備考 軽減制度事業費補助金 補助対象社会福祉法人数 20法人）,,7007
,,,,"手数料（備考 002 介護保険事業特別会計繰出金 3,117,104）",,1
,,,委託料,,,60
,,,,介護給付費分（備考 17 備品購入費 86）,,2505891
,,,,地域支援事業費分,,100291
,,,負担金、補助,,,7007
,,,,低所得者保険料軽減分,,168957
,,,,及び交付金 職員給与等事務費分（備考 003 介護予防支援費 148）,,341964
,児童福祉費,,,,,15488035
,,子ども子育,,,789666,841429
,,,報酬,,,60157
,,,職員手当等,,,99587
,,,,子どもの居場所づくり運営事業補助金,,3500
,,こども家庭,,,206586,277080
,,,報酬,,,17801
,,,職員手当等,,,6955
,,,,"当 県保健師会負担金（備考 期末手当 4,322 会議、研修会出席者負担金 26 勤勉手当 670 002 こども家庭管理事業費 1,511 児童虐待相談 4 共済費 4,934）",,9
,,,,東部家庭児童相談室連絡協議会負担金,,30
,,,報償費,,,528
,,,,県家庭児童相談室連絡協議会負担金,,8
,,,,"県保健師会負担金（備考 8 旅費 757 003 児童虐待防止事業費 5,308 要保護児童対策地域協議会研修会、会議開催）",,3
,,ひとり親家,,,113632,92094
,,,旅費,,,54
,,,,印刷製本費（備考 ひとり親家庭等中卒就職者激励記念品 4人）,,99
,,,役務費,,,2492
,,,扶助費,,,88843
,,,報酬,,,5717
,,,,期末手当（備考 受給資格認定等事務）,,843
,,,,"勤勉手当（備考 002 児童手当扶助費 3,920,341）",,104
,,,共済費,,,1179
,,,,"費用弁償（備考 特例給付 10,352人）",,329
,,児童扶養手,,,892076,860592
,,,報酬,,,5394
,,,,期末手当（備考 受給資格認定等事務）,,917
,,,,"勤勉手当（備考 002 児童扶養手当扶助費 852,001）",,113
,,,共済費,,,954
,,,,費用弁償,,354
,,,,普通旅費（備考 10 需用費 160）,,3
,,,,消耗品費,,30
,,,,印刷製本費,,130
,,こども医療,,,1039533,1103388
,,,報酬,,,4336
,,,,"期末手当（備考 医療費請求事務 547,215件）",,868
,,,,"勤勉手当（備考 002 こども医療助成費 1,008,839）",,107
,,,共済費,,,946
,,,,"費用弁償（備考 0歳児の通院 27,707件）",,219
,,,需用費,,,152
,,,,通信運搬費（備考 支給件数 92件）,,3368
,,,,手数料（備考 17 備品購入費 127）,,74426
,,保育園費,,,2843644,3000349
,,,報酬,,,535689
,,,職員手当等,,,665355
,,,共済費,,,404108
,,,旅費,,,27581
,,,,"日本スポーツ振興センター災害共済掛金（備考 10 需用費 275,521）",,599
,,,,"その他各種団体負担金等（備考 002 保育園等備品整備事業費 6,800）",,60
,,,,消耗品費（備考 園児用机・椅子など管理備品等整備）,,22931
,,,,燃料費,,6704
,,保育園振興,,,5016643,5380146
,,,委託料,,,72317
,,,,"補助金（備考 002 地域型保育給付費 760,177）",,899122
,,,扶助費,,,4407221
,,,,特別支援事業費補助金,,77000
,,,,"公立保育園民間移管円滑化事業費補助金（備考 005 保育対策等促進事業費 300,234 保育人材就職支援事業 オンライン研修事業 実費徴収補足給付事業）",,32950
,,,,一時預かり事業費補助金,,74814
,,,,延長保育事業費補助金,,11180
,,,,病児保育事業費補助金,,122818
,,,,保育体制強化事業費補助金,,28440
,,,,保育補助者雇上強化事業費補助金,,45000
,,,,保育の質の向上のための研修事業費（備考 補助金）,,1930
,障害者福祉費,,,,,8959779
,,障害者福祉,,,5244,8874
,,,報酬,,,4149
,,,,期末手当（備考 障害福祉施策を実施するための事務）,,830
,,,,勤勉手当,,102
,,,,県精神保健福祉協会負担金,,50
,,,共済費,,,904
,,,,全国手話言語市区長会負担金（備考 8 旅費 227）,,10
,,障害者医療,,,631178,629127
,,,旅費,,,2
,,,,"消耗品費（備考 002 特別障害者手当等給付費 118,544）",,6
,,,,印刷製本費（備考 001 特別障害者手当等給付事務費 132）,,44
,,,役務費,,,16165
,,障害者自立,,,7003012,7652261
,,,報酬,,,6725
,,,,"期末手当（備考 002 認定等審査会費 3,059）",,948
,,,,"勤勉手当（備考 001 障害支援区分認定事務費 3,059）",,117
,,,共済費,,,1049
,,,旅費,,,325
,,障害者援護,,,56336,57648
,,,報償費,,,837
,,,,県保健師会負担金（備考 002 障害者相談員事業費 850）,,3
,,,,普通旅費（備考 身体障害者相談員 14人）,,84
,,,需用費,,,953
,,,,通信運搬費（備考 ライフサポート事業 ヘルパー派遣 206時間）,,13
,,,委託料,,,32659
,,,負担金、補助,,,763
,,障害者就労,,,21243,16558
,,,委託料,,,16558
,,障害児入所,,,261167,255918
,,,報酬,,,7879
,,,職員手当等,,,71521
,,,,夜間勤務手当,,1200
,,こども発達,,,341619,339393
,,,報酬,,,37567
,,,職員手当等,,,72007
,,,,"会議、研修会出席者負担金（備考 4 共済費 47,743 002 早期発達支援事業費 2,145）",,175
,,,報償費,,,679
,生活保護費,,,,,3843652
,,生活保護総,,,257769,269839
,,,報酬,,,25817
,,,職員手当等,,,88252
,,,,"当 会議、研修会出席者負担金（備考 休日勤務手当 50 002 社会福祉統計調査事業費 355 期末手当 26,968 国民生活基礎調査 5調査区）",,4
,,,,"勤勉手当（備考 4 共済費 43,478 7 報償費 326 8 旅費 1,434）",,18522
,,扶助費,,,3470812,3573813
,,,報償費,,,179
,,,,手数料（備考 教育扶助費 120人／月）,,18
,,,扶助費,,,3573615
,災害救助費,,,,,508
,,災害救助費,,,512,508
,,,旅費,,,1
,,,,消耗品費（備考 19 扶助費 500）,,7
衛生費,,,,,9379026,9518662
,保健衛生費,,,,,2704012
,,保健衛生総,,,737133,814040
,,,報酬,,,8146
,,,職員手当等,,,121736
,,,報償費,,,56
,,,,民間病院等看護職員修学資金,,600
,,,旅費,,,573
,,,,消耗品費（備考 医用画像保管装置借上）,,2803
,,,,燃料費（備考 医療事務システム借上）,,11
,,,,食糧費（備考 生体情報モニター借上）,,5
,,予防接種費,,,864230,777358
,,,報酬,,,9275
,,,,"期末手当（備考 001 定期予防接種事業費 604,034）",,575
,,,,"勤勉手当（備考 ＢＣＧ（乳児） 1,500人）",,71
,,,共済費,,,605
,,動物愛護管,,,13548,10637
,,,報酬,,,2311
,,,,期末手当（備考 犬の登録及び狂犬病予防注射済票交付）,,465
,,,,勤勉手当,,57
,,,,猫の去勢・避妊手術補助金,,2850
,,,共済費,,,479
,,,,県動物保護協会負担金（備考 8 旅費 151）,,348
,,,,費用弁償,,146
,,,,普通旅費（備考 10 需用費 613）,,5
,,,,消耗品費,,346
,,,,"印刷製本費（備考 11 役務費 2,627）",,267
,,,,通信運搬費,,1197
,,,,"手数料（備考 12 委託料 136 18 負担金、補助 3,798 及び交付金）",,1430
,,,,負担金,,348
,,,,補助金,,3450
,,保健活動費,,,537259,540225
,,,報酬,,,15906
,,健康ふじ,,,14633,16136
,,,報酬,,,354
,,,旅費,,,85
,,,需用費,,,2002
,,,,消耗品費,,1302
,,,,会議、研修会出席者負担金,,40
,,,,"食糧費（備考 003 健康ふじ２１推進費 11,979）",,10
,,,,印刷製本費（備考 001 健康ふじ２１計画推進事業費 305）,,690
,,指定難病等,,,29198,31913
,,,需用費,,,101
,,,委託料,,,2767
,,,,難病団体援護活動費補助金,,500
,,,,"補助金（備考 骨髄移植ドナー支援奨励金 3件 630 19 扶助費 27,915）",,1130
,,環境衛生費,,,55530,10588
,,,報酬,,,2224
,,,,期末手当（備考 脱皮阻害剤配布）,,446
,,,,勤勉手当,,55
,,,,会議、研修会出席者負担金,,20
,,斎場費,,,113712,121283
,,,報酬,,,26614
,,,職員手当等,,,6920
,,,,期末手当,,5073
,,フィランセ,,,131014,131153
,,,報酬,,,4452
,,,,期末手当（備考 警備、清掃、緑地管理 ほか）,,893
,,,,勤勉手当,,110
,,,,会議、研修会出席者負担金,,4
,,,共済費,,,924
,,看護専門学,,,205247,220725
,,,報酬,,,4230
,,,職員手当等,,,51548
,清掃費,,,,,3353784
,,清掃総務費,,,610821,591947
,,,報酬,,,393
,,,職員手当等,,,141996
,,,,住居手当（備考 廃棄物処理業許可及び指導）,,1507
,,,,通勤手当（備考 公共施設廃棄物収集運搬・処分）,,6173
,,塵芥処理費,,,1757619,1850755
,,,報酬,,,22858
,,,,"期末手当（備考 プラント運転管理 勤勉手当 481 ごみ焼却量 61,327ｔ 剪定枝資源化量 739ｔ）",,3924
,,,共済費,,,4632
,,,,ごみ焼却余熱利用促進市町村等（備考 連絡協議会負担金）,,25
,,,報償費,,,3759
,,,,"会議、研修会出席者負担金（備考 002 新環境クリーンセンター焼却残渣資源化事業費 346,009 8 旅費 1,559 焼却残渣資源化量 6,100ｔ）",,60
,,,,環境保全協力金,,3095
,,,,"費用弁償（備考 003 収集管理費 621,726）",,1244
,,,,"普通旅費（備考 001 収集管理費 621,726）",,140
,,,,"特別旅費（備考 ごみ収集業務 可燃ごみ 42,000ｔ プラスチック製容器包装 1,814ｔ）",,175
,,,需用費,,,22564
,,,,燃料費,,8352
,,,,富士労働基準協会会費,,8
,,,,印刷製本費,,410
,,生活排水処,,,804736,845809
,,,報酬,,,8991
,,,職員手当等,,,21634
,,新環境クリ,,,66357,65273
,,,委託料,,,65273
,環境対策費,,,,,1219419
,,環境政策費,,,261346,676081
,,,報酬,,,5791
,,,職員手当等,,,74395
,,環境保全費,,,57184,61047
,,,旅費,,,175
,,,,消耗品費（備考 環境大気中有害物質調査）,,727
,,,,印刷製本費（備考 工場大気立入検査及び指導）,,237
,,,,光熱水費,,1244
,,,,県大気測定局電気料負担金,,58
,,,,修繕料,,1781
,,,,会議、研修会出席者負担金,,60
,,,役務費,,,1150
,,自然保護費,,,10825,13631
,,,報酬,,,2272
,,,,期末手当（備考 001 自然環境保全事業費 78）,,402
,,,,勤勉手当（備考 自然公園法許可申請受付）,,50
,,,共済費,,,432
,,,,普通旅費,,24
,,,,会議、研修会出席者負担金,,28
,,,,特別旅費（備考 003 生物多様性地域戦略事業費 529）,,1
,,,需用費,,,760
,,,,消耗品費,,390
,,公害病補償,,,474374,465506
,,,報酬,,,2952
,,,職員手当等,,,7258
,,健康被害予,,,3072,3154
,,,報償費,,,100
,,,,普通旅費,,12
,,,,特別旅費（備考 10 需用費 173）,,12
,,,,消耗品費,,51
,,,,印刷製本費,,65
,,,,医薬材料費（備考 11 役務費 328）,,57
,,,,通信運搬費,,52
,,,,手数料,,143
,,,,"保険料（備考 12 委託料 2,236）",,133
,病院費,,,,,2233070
,,病院事業費,,,2184640,2233070
,,,負担金、補助,,,1928944
,,,,"病院事業費負担金（備考 24 積立金 304,126）",,276018
,,,,"介護老人保健施設事業費負担金（備考 002 蒲原病院組合補助金 223,785 当年度欠損金見込分 003 新病院建設基金積立費 304,126 001 新病院建設基金積立事業費 304,126 新病院建設基金積立金）",,2680
,上水道費,,,,,8377
,,上水道事業,,,7919,8377
,,,負担金、補助,,,8377
,,,,"消火栓等水道使用負担金（備考 負担金 8,377 水道職員児童手当相当額負担金 2,660）",,5717
労働費,,,,,217461,272120
,労働費,,,,,272120
,,労政費,,,107952,111568
,,,報酬,,,1072
,,,職員手当等,,,11650
,,,,"連合静岡メーデー補助金（備考 4 共済費 6,065 004 労働統計調査事業費 658）",,100
,,,報償費,,,389
,,,,費用弁償（備考 学生と企業の交流イベント開催）,,78
,,,,普通旅費（備考 複業人材活用導入支援）,,47
,,,需用費,,,536
,,,,富士地区合同企業ガイダンス補助金,,700
,,,,"インターンシップ支援補助金（備考 消耗品費 123 中小企業等奨学金返還支援補助金 4,240 印刷製本費 413 004 技能振興費 1,023 001 技能者表彰事業費 378 11 役務費 2 技能功労者・優秀技能者表彰）",,48
,,,,会議、研修会出席者負担金,,3
,,,,保険料,,2
,,勤労者総合,,,81735,132864
,,,需用費,,,2173
,,,,光熱水費,,1968
,,,,"修繕料（備考 12 委託料 14,270 13 使用料及び賃 21 借料 14 工事請負費 116,400）",,200
,,高齢者就業,,,27774,27688
,,,需用費,,,1742
農林水産業費,,,,,977116,978051
,農業費,,,,,555203
,,農業委員会,,,47017,45945
,,,報酬,,,11927
,,,職員手当等,,,8941
,,,,"当 県農業委員会ネットワーク機構会費（備考 休日勤務手当 50 富士地区農業委員会協議会負担金 206 期末手当 4,030 富士地区農業委員会職員協議会負担金 40 勤勉手当 3,021 002 農地利用集積活動事業費 84 農地利用集積活動事業 4 共済費 5,641 7 報償費 10 8 旅費 118）",,669
,,,,費用弁償,,85
,,,,普通旅費（備考 10 需用費 780）,,33
,,,,消耗品費,,601
,,,,食糧費,,6
,,,,印刷製本費（備考 11 役務費 51）,,173
,,,,通信運搬費,,31
,,農業総務費,,,103168,105307
,,,報酬,,,2778
,,,職員手当等,,,32534
,,,,扶養手当,,341
,,,,地域手当,,1569
,,,,住居手当,,1345
,,,,通勤手当,,1080
,,,,時間外勤務手（備考 当）,,5000
,,,,休日勤務手当,,330
,,,,期末手当,,12231
,,,,"勤勉手当（備考 4 共済費 18,512 8 旅費 162）",,9841
,,,,費用弁償,,125
,,,,普通旅費,,37
,,農業振興費,,,60780,53981
,,,報酬,,,5389
,,,,期末手当（備考 農用地管理システム保守・データ更新）,,1089
,,,,"勤勉手当（備考 002 担い手育成総合支援事業費 3,170）",,134
,,,共済費,,,1163
,,,,新規就農者育成総合対策（備考 経営開始資金補助金）,,3000
,,,報償費,,,262
,,,,"農業再生協議会負担金（備考 003 農業経営支援事業費 4,941 8 旅費 519）",,170
,,,,農業制度資金利子補給金,,234
,,,,環境保全型農業直接支払補助金,,2652
,,,,費用弁償,,276
,,,,茶園転換支援事業補助金,,930
,,,,普通旅費（備考 ６次産業化促進支援事業補助金 350）,,141
,,,,特別旅費,,102
,,,,農業経営ＧＡＰ認証取得支援補助金,,100
,,,需用費,,,597
,,,,"落葉果樹及びかんきつ類（備考 特産化支援補助金 004 農地中間管理事業費 8,114）",,675
,,,,消耗品費,,311
,,,,地域集積協力金,,7720
,,,,"燃料費（備考 005 農業団体支援事業費 5,227）",,7
,,,,印刷製本費,,279
,,,,農業振興活動事業補助金,,2400
,,,役務費,,,672
,,,,県農業共済組合負担金,,2792
,,,,"各種団体負担金（備考 通信運搬費 656 006 水田営農振興事業費 821 筆耕翻訳料 16 確認野帳管理 007 茶業推進事業費 13,916）",,35
,,畜産業費,,,98,81
,,,旅費,,,10
,,土地改良費,,,208738,255222
,,,給料,,,16655
,,,,"扶養手当（備考 県営江尾江川河川改修事業 地域手当 515 用地取得 Ａ＝2,848㎡ 住居手当 336 農道台帳管理事業負担金 30 通勤手当 461 県土地改良事業団体連合会負担金 254 時間外勤務手 1,730 各種団体負担金 60）",,480
,,,,"当 会議、研修会出席者負担金（備考 休日勤務手当 50 003 団体営土地改良費 38,058 期末手当 3,890 001 農業基盤整備事業費（中川） 38,058 勤勉手当 3,170 排水路工 Ｌ＝50ｍ 用地取得 Ａ＝300㎡ 4 共済費 5,379 004 県営土地改良事業負担金 5,000）",,30
,,,旅費,,,42
,,,,浮島土地改良区事務費補助金（備考 10 需用費 182）,,1900
,,,,"富士東部土地改良区事務費補助金（備考 002 農業施設管理助成費 20,273）",,6340
,,農業施設管,,,114106,94667
,,,旅費,,,62
,,,,"消耗品費（備考 003 農免富士川線落石防止柵設置事業費 7,900）",,137
,,林業総務費,,,53293,55951
,,,給料,,,26099
,,,,管理職手当,,797
,林業費,,,,,419903
,,林業振興費,,,188878,191936
,,,報酬,,,2454
,,林道維持修,,,59855,36251
,,,旅費,,,12
,,,委託料,,,22000
,,,,会議、研修会出席者負担金（備考 18 負担金、補助 1 及び交付金）,,1
,,,,負担金,,1
,,林業施設整,,,100632,94373
,,,給料,,,8580
,,,,扶養手当（備考 舗装 Ｌ＝640ｍ Ｗ＝5.0ｍ）,,378
,,,,"地域手当（備考 002 間門線舗装事業費 11,720）",,269
,,,,通勤手当,,178
,,保健休養林,,,37514,41392
,,,旅費,,,42
,水産業費,,,,,2945
,,水産業振興,,,3037,2945
,,,旅費,,,16
,,,,水産振興推進協議会補助金,,500
,,,,漁業近代化資金利子補給補助金,,551
,,,,消耗品費,,4
,,,,各種団体負担金,,123
,,,,光熱水費（備考 002 水産資源確保育成事業費 294）,,114
,,,,修繕料,,70
,,,,富士川下流市連絡会負担金,,111
商工費,,,,,2966453,3384221
,商工費,,,,,3384221
,,産業政策総,,,340557,379367
,,,報酬,,,4385
,,,職員手当等,,,130760
,,,,通勤手当,,3940
,,,,時間外勤務手（備考 当）,,27720
,,,,休日勤務手当,,1000
,,,,期末手当,,42677
,,,,勤勉手当,,33838
,,,,"単身赴任手当（備考 4 共済費 66,086 8 旅費 674）",,432
,,,,費用弁償,,174
,,,,普通旅費（備考 10 需用費 968）,,500
,,,,消耗品費,,330
,,,,食糧費,,4
,,,,印刷製本費,,634
,,産業政策推,,,1941745,2339047
,,,旅費,,,1199
,,,需用費,,,2756
,,,,企業立地促進奨励金,,441058
,,,,"ものづくり力向上事業補助金（備考 消耗品費 251 本社機能移転・拡充促進事業補助金 2,500 食糧費 2 ＩＴ導入支援事業者等立地促進事業 1,010 補助金）",,156587
,,,,印刷製本費,,200
,,,,県企業立地市町推進連絡会会費,,70
,,,,光熱水費,,2303
,,,,日本立地センター賛助会費,,126
,,,役務費,,,385065
,,,,"会議、研修会出席者負担金（備考 002 産業連携促進事業費 291 通信運搬費 40 産業経済問題懇話会負担金 200 広告料 25 産業のまちﾈｯﾄﾜｰｸ推進協議会負担金 30 手数料 385,000 003 ふるさと納税推進事業費 1,718,560 ふるさと納税制度特産品配布等 12 委託料 1,347,080 13 使用料及び賃 1,326 借料 18 負担金、補助 601,621 及び交付金）",,40
,,,,負担金,,466
,,,,補助金,,601155
,,産業支援費,,,326000,305968
,,,報酬,,,2622
,,,,"期末手当（備考 001 産業支援管理事務費 1,168）",,404
,,,,勤勉手当（備考 中小企業等振興会議開催）,,50
,,,共済費,,,432
,,,旅費,,,1094
,,,,経営革新事業補助金,,3280
,,,,産業財産権取得事業補助金（備考 費用弁償 137 海外産業財産権取得事業補助金 750 普通旅費 912 富士貿易協議会海外経済視察 300 参加者負担金）,,2200
,,,,"特別旅費（備考 002 支援体制整備事業費 25,669）",,45
,,,需用費,,,848
,,,,商工振興活動費補助金,,5000
,,,,"富士中小企業相談所補助金（備考 消耗品費 203 市商工会経営改善等事業費補助金 7,600 食糧費 10 県中小企業団体中央会負担金 330 印刷製本費 435 県国際経済振興会負担金 1,000 修繕料 200 日本貿易振興機構 1,132 静岡貿易情報センター負担金）",,10000
,,,役務費,,,350
,,,,富士山麓ﾋﾞｼﾞﾈｽﾏｯﾁﾝｸﾞ促進事業負担金,,500
,,,,"富士貿易協議会負担金（備考 通信運搬費 350 003 地域産業支援センター事業費 59,686 地域産業支援センター運営 12 委託料 71,750 経営力再構築伴走支援）",,100
,,,使用料及び賃,,,2209
,,工業振興費,,,27022,49141
,,,報償費,,,2012
,,,,費用弁償,,157
,,,,県紙業振興大会補助金,,250
,,,,普通旅費,,670
,,,,県製紙工学技術者研修事業補助金,,400
,,,,特別旅費,,171
,,,,富士ブランド認定品認知度向上（備考 ・販路拡大事業等補助金 10 需用費 438）,,1000
,,,,"富士地域再生家庭紙利用促進協議会（備考 負担金 消耗品費 227 002 新産業等創出支援事業費 7,963 食糧費 11 新産業創出研究セミナー開催 印刷製本費 200 ものづくり企業・デザイナー マッチング事業）",,1600
,,,役務費,,,156
,,,,産学連携ものづくりチャレンジ補助金,,500
,,,,"ＳＤＧｓものづくり高度化事業補助金（備考 通信運搬費 136 003 ものづくり人材育成事業費 2,682 筆耕翻訳料 20 神奈川工科大学ものづくり体験教室 先端技術・プログラミング等体験事業 12 委託料 28,989 ものづくり人材創出・育成事業）",,7000
,,,使用料及び賃,,,317
,,,,"発明くふう展負担金（備考 借料 004 ＣＮＦ実用化推進事業費 22,143 ＣＮＦ関連産業推進懇話会開催 18 負担金、補助 16,231 プラットフォーム設立5周年 及び交付金 記念シンポジウム開催 普及推進活動 負担金 2,081 ウェブサイト管理・運営 補助金 14,150 ＣＮＦ連携拠点活用事業 プラットフォームプロモーション推進事業 プラットフォームビジネスマッチング会開催 ＣＮＦブランド製品等活用勉強会開催）",,450
,,商業振興費,,,52135,38156
,,,報償費,,,40
,,,,"普通旅費（備考 まちなかにぎわい創出事業 （まちあそび人生ゲームｉｎ富士） 10 需用費 15,105 あなたも商店主事業）",,11
,,,,富士健康印商店会ＴＭＯ事業補助金,,450
,,,,消耗品費,,226
,,,,ﾀｳﾝﾏﾈｰｼﾞﾒﾝﾄ吉原ＴＭＯ事業補助金,,450
,,,,食糧費,,3
,,,,あなたも商店主事業補助金,,3600
,,,,"修繕料（備考 003 商店街イベント振興助成費 2,420）",,14876
,,,委託料,,,6181
,,,,吉原宿一の市事業補助金,,550
,,,,吉原宿宿場まつり事業補助金（備考 13 使用料及び賃 245）,,1100
,,,,富士本町軽トラ市事業補助金（備考 借料）,,270
,,,,吉原まるごとマルシェ事業補助金,,500
,,,備品購入費,,,204
,,,,"ご当地グルメシティセールス事業補助金（備考 18 負担金、補助 16,370）",,500
,,,,"富士山ネットワーク会議負担金（備考 及び交付金 005 商業振興助成費 3,300）",,5650
,,,,産業まつり商工フェア補助金,,2700
,,,,負担金,,5650
,,,,商業振興費補助金,,600
,,,,"補助金（備考 002 産業交流展示場費 16,128 001 産業交流展示場管理事業費 16,128 施設運営管理（指定管理））",,10720
,,交流観光費,,,252044,253186
,,,報酬,,,3659
,,,,期末手当（備考 次期観光基本計画策定）,,664
,,,,勤勉手当（備考 観光基本計画推進会議開催）,,82
,,,共済費,,,656
,,,,"着地型観光推進事業補助金（備考 7 報償費 2,993）",,500
,,,,富士地域観光振興協議会負担金,,1350
,,,旅費,,,1561
,,,,県大型観光ｷｬﾝﾍﾟｰﾝ推進協議会負担金,,325
,,,,"県観光協会運営会費（備考 費用弁償 146 富士地区観光協議会負担金 20 普通旅費 794 新富士駅観光案内所負担金 1,500 特別旅費 621 富士箱根伊豆国際観光テーマ地区 250 静岡県協議会負担金）",,1093
,,,需用費,,,17834
,,,,静岡空港利用促進協議会負担金,,840
,,,,"身延線沿線活性化促進協議会負担金（備考 消耗品費 2,254 全国工場夜景都市協議会負担金 150 食糧費 1,415 ＦＵＪＩ＆ＳＵＮ’24開催負担金 3,000 印刷製本費 1,616 003 観光推進費 56,282 光熱水費 347 001 観光ボランティア推進事業費 482 修繕料 12,202 観光ボランティアガイド養成）",,10
,,,,"観光ボランティアガイド事業補助金（備考 11 役務費 1,151 002 富士山百景推進事業費 13,814 富士山百景写真コンテスト開催）",,200
,,,,通信運搬費（備考 大淵笹場・今宮茶園保全活用）,,130
,,,,手数料（備考 大淵笹場展望エリア・観光カメラ設置）,,769
,,,,筆耕翻訳料,,110
,,計量費,,,102,1507
,,,報償費,,,10
,,,,全国特定市計量行政協議会負担金,,18
,,,,普通旅費,,8
,,,,特別旅費（備考 10 需用費 4）,,50
,,,,"消耗品費（備考 12 委託料 1,383 13 使用料及び賃 34 借料 18 負担金、補助 18 及び交付金）",,4
,,,,負担金,,18
,,新富士駅施,,,5879,6471
,,,需用費,,,3758
,,,旅費,,,84
,,,,"修繕料（備考 12 委託料 3,905 13 使用料及び賃 5,136 借料 14 工事請負費 253）",,2000
土木費,,,,,10140824,12237243
,土木管理費,,,,,452694
,,土木総務費,,,402874,433350
,,,報酬,,,6858
,,,職員手当等,,,109586
,,,,"当 県街路事業促進協議会負担金（備考 休日勤務手当 400 県スマートＩＣ協議会負担金 4 期末手当 40,709 富士富士宮道路建設促進期成同盟会 271 負担金）",,90
,,,,"勤勉手当（備考 003 道路河川管理費 33,109）",,30948
,,,共済費,,,60459
,,,旅費,,,993
,,,,"会議、研修会出席者負担金（備考 003 道路台帳整備事業費 27,885）",,35
,,,,消耗品費（備考 道路台帳補正（地理空間情報等更新包括業務））,,735
,,,,食糧費（備考 004 私道舗装側溝整備助成費 400）,,8
,,,,印刷製本費（備考 私道舗装及び側溝工事費補助金）,,812
,,施設建築費,,,3578,2544
,,,旅費,,,266
,,,,特別旅費,,219
,,,,県公共建築推進協議会会費,,30
,,,需用費,,,645
,,,,建築コスト管理システム研究所賛助会費,,100
,,,,会議、研修会出席者負担金（備考 消耗品費 335 002 施設設備費 405 印刷製本費 295 001 施設設備事業費 405 修繕料 15 公共建築物の新築、修繕等に係る電気、機械 設備の調査、設計、監理、監督及び施工）,,163
,,,役務費,,,594
,,,,富士富士宮電力協議会会費,,10
,,,,会議、研修会出席者負担金,,86
,,,,手数料,,594
,,急傾斜地崩,,,16800,16800
,,,工事請負費,,,1800
,,,,"負担金（備考 003 間門急傾斜地崩壊対策事業費 10,000 県事業負担金 10％負担）",,15000
,道路橋梁費,,,,,2250463
,,道路橋梁総,,,170553,172906
,,,報酬,,,9309
,,,職員手当等,,,46849
,,幹線道路整,,,584804,370041
,,,給料,,,22519
,,,,扶養手当,,672
,,,,会議、研修会出席者負担金,,15
,,,,"地域手当（備考 003 幹線道路新設改良費 267,500）",,696
,,,,"通勤手当（備考 001 一色小沢３号線新設事業費 93,500）",,497
,,,,"時間外勤務手（備考 排水構造物工 Ｌ＝191ｍ 当 舗装工 Ａ＝3,581㎡）",,3553
,,,,"休日勤務手当（備考 002 天間清水久保２号線新設事業費 174,000）",,50
,,,,期末手当（備考 橋梁下部工 Ｎ＝1基）,,5159
,,,,勤勉手当（備考 道路工 Ｌ＝214ｍ）,,4199
,,,共済費,,,7481
,,生活道路整,,,210285,226277
,,,給料,,,27783
,,,,"扶養手当（備考 003 主要生活道路整備費 62,000）",,996
,,,,"地域手当（備考 001 中里大棚滝線改良事業費 28,000）",,864
,,,,住居手当（備考 落石防護柵工 Ｌ＝30ｍ）,,972
,,,,"通勤手当（備考 002 比奈間門線改良事業費 24,000）",,394
,,,,時間外勤務手（備考 道路工 Ｌ＝35ｍ 当）,,4350
,,橋梁維持費,,,200100,252128
,,,報酬,,,4875
,,,,期末手当,,996
,,橋梁新設改,,,200000,134000
,,,工事請負費,,,43300
,,,,"負担金（備考 002 田子鮫島線（竜宮橋）架替事業費 89,000）",,89000
,,,補償、補及,,,1700
,,,,補償金及び補（備考 金）,,1700
,河川費,,,,,925891
,,河川総務費,,,107008,103486
,,,報酬,,,4646
,,,職員手当等,,,29538
,,,,当 会議、研修会出席者負担金（備考 休日勤務手当 50 002 富士海岸整備促進事務費 150）,,204
,,河川維持費,,,324024,327017
,,,報償費,,,574
,,,,消耗品費（備考 河川維持補修、修繕）,,482
,,,,燃料費（備考 調整池、河川浚渫）,,9
,,,,"印刷製本費（備考 春堀工事、春堀浚渫 光熱水費 9,652 002 河川緑地維持管理事業費 20,000）",,94
,,,,修繕料（備考 除草、刈込、剪定 ほか）,,10150
,,,役務費,,,6389
,,,使用料及び賃,,,5670
,,,,補償金及び補（備考 金）,,500
,,河川改良費,,,533299,492399
,,,給料,,,38713
,,,,扶養手当,,2315
,,都市下水路,,,4484,2989
,,,需用費,,,23
,,,,印刷製本費（備考 11 役務費 62）,,5
,,,,"保険料（備考 12 委託料 904 14 工事請負費 2,000）",,62
,港湾費,,,,,205543
,,港湾整備費,,,179005,205543
,,,報償費,,,900
,都市計画費,,,,,4986333
,,都市計画総,,,290672,300145
,,,報酬,,,2167
,,,職員手当等,,,92631
,,,,"勤勉手当（備考 4 共済費 48,182 8 旅費 262）",,26504
,,,,費用弁償,,45
,,,,普通旅費,,105
,,,,"特別旅費（備考 10 需用費 1,729）",,112
,,,,消耗品費,,289
,,,,食糧費,,6
,,,,印刷製本費,,1434
,,まちづくり,,,320095,387394
,,,報酬,,,460
,,,旅費,,,707
,,,,"費用弁償（備考 002 都市計画マスタープラン推進事業費 6,000）",,147
,,,,"普通旅費（備考 （デジタル田園都市国家構想交付金事業） 特別旅費 25 土地利用適正化に向けた都市構造等分析 003 地区計画導入事業費 26 10 需用費 1,076 市街化調整区域における 地区計画策定促進 消耗品費 215 004 都市計画基本的諸調査事業費 720 食糧費 27 岳南広域都市計画区域マスタープラン 策定支援）",,535
,,,,印刷製本費,,834
,,,,会議、研修会出席者負担金,,15
,,,委託料,,,120913
,,,,負担金,,27
,,街路事業費,,,677736,872304
,,,報酬,,,5465
,,,職員手当等,,,31117
,,市街地整備,,,1151078,3128864
,,,報酬,,,1947
,,,職員手当等,,,27540
,,建築指導費,,,255421,289005
,,,報酬,,,6440
,,,,"期末手当（備考 002 建築確認費 2,182）",,1231
,,,,"勤勉手当（備考 001 建築確認事業費 2,182）",,151
,,,共済費,,,1291
,,,,費用弁償（備考 建築指導事務）,,247
,,,,普通旅費,,143
,,,,建築物吹付アスベスト対策事業費補助金（備考 特別旅費 246 分析調査 2件 除去等 2件）,,1700
,,,需用費,,,1066
,,,,日本建築行政会議負担金,,100
,,,,県建築行政連絡会議負担金（備考 消耗品費 395 会議、研修会出席者負担金 128 食糧費 4 002 建築審査会費 227 印刷製本費 667 全国建築審査会協議会負担金 48）,,20
,,,,"会議、研修会出席者負担金（備考 11 役務費 187 004 ＴＯＵＫＡＩ－０推進費 168,755 001 既存建築物耐震性向上事業費 1,949）",,30
,,,,手数料,,14
,,,,既存建築物耐震性向上事業費補助金（備考 保険料 173 非木造建築物（耐震診断） 4棟）,,1949
,,土地対策費,,,6602,8621
,,,報酬,,,2905
,,,,期末手当,,518
,公園費,,,,,1217960
,,公園整備費,,,586434,615840
,,,給料,,,76872
,,,,管理職手当（備考 園路広場整備工）,,797
,,,,扶養手当（備考 補償一式）,,3214
,,,,"地域手当（備考 003 住区基幹公園整備費 30,000 住居手当 229 001 （仮称）インター周辺街区公園整備事業費 30,000）",,2412
,,,,通勤手当（備考 広場整備工（末広公園））,,2057
,,,,"時間外勤務手（備考 004 緑地・緑道整備費 336,368 当 001 富士西公園整備事業費 74,668）",,6500
,,,,休日勤務手当（備考 譲受施設の割賦金）,,50
,,,,"期末手当（備考 002 富士川左岸緑地整備事業費 252,700）",,18199
,,,,勤勉手当（備考 グラウンド施設整備工、実施設計（憩いの広場））,,14549
,,,共済費,,,25729
,,,旅費,,,120
,,,,都市緑化機構会費,,50
,,,,日本公園緑地協会会費,,85
,,,,消耗品費,,329
,,,,全国都市公園整備促進協議会会費,,42
,,,,食糧費,,6
,,,,印刷製本費（備考 11 役務費 56）,,730
,,公園維持修,,,575236,560927
,,,報酬,,,4858
,,,,期末手当（備考 都市公園維持管理 勤勉手当 122 都市公園等 440か所 （樹木・公園施設等の維持管理））,,992
,,,共済費,,,1039
,,,旅費,,,312
,,緑化推進費,,,36157,41193
,,,報酬,,,696
,下水道費,,,,,1792075
,住宅費,,,,,406284
,,住宅管理費,,,366956,366335
,,,給料,,,43185
,,,,管理職手当,,797
,,,,県住宅振興協議会会費,,200
,,,,扶養手当,,1217
,,,,県住宅行政連絡協議会会費,,75
,,,,地域手当,,1353
,,,,日本住宅協会会費,,18
,,,,"住居手当（備考 003 市営住宅管理費 278,883）",,256
,,,,"通勤手当（備考 001 市営住宅運営管理事業費 184,945）",,1045
,,,,"時間外勤務手（備考 管理戸数 23団地 2,175戸 当 市営住宅管理代行）",,6000
,,,,休日勤務手当（備考 市営住宅明渡訴訟手続 ほか）,,100
,,住宅政策費,,,41984,39949
,,,報酬,,,2363
,,,,"期末手当（備考 001 住宅政策推進事業費 17,924）",,420
,,,,勤勉手当（備考 マンション管理適正化推進）,,52
,,,共済費,,,410
,,,,在宅テレワーク対応（備考 リフォーム支援補助金）,,3750
,,,報償費,,,30
,,,,多世代同居・近居支援奨励金,,13500
,,,,静岡県マンション管理適正化,,53
,,,旅費,,,124
,,,,"会議、研修会出席者負担金（備考 普通旅費 32 002 空家等対策推進事業費 18,780 特別旅費 92 所有者不明土地建物管理人制度活用 空き家発生予防ガイドブック改訂 ほか 10 需用費 121）",,19
,,,,危険空家除却促進補助金,,10320
,,,,空き家リフォーム支援補助金,,2000
,,,,消耗品費,,117
,,,,空き家利活用支援補助金,,2000
,,,,食糧費,,4
,,,,空き家ワンストップ相談会負担金,,75
,,,役務費,,,3018
,,,,空き家ワンストップ相談会（備考 フォローアップ支援負担金）,,30
,,,,空き家出前講座負担金,,22
,,,,通信運搬費,,18
,,,,会議、研修会出席者負担金,,129
,,,,"手数料（備考 12 委託料 1,313）",,3000
消防費,,,,,3443729,3781176
,消防費,,,,,3781176
,,常備消防費,,,2866457,3022485
,,,報酬,,,7006
,,,職員手当等,,,889482
,,,,"当 東名高速道路静岡県消防協議会負担金（備考 休日勤務手当 110,000 無線電波利用負担金 44 夜間勤務手当 34,000 002 消防教育研修事業費 10,732 宿日直手当 200 職員教育 救急救命士養成 1人 期末手当 285,408 消防大学校入校 3人 県消防学校入校 44人）",,2
,,,,勤勉手当（備考 研修、資格取得）,,227324
,,,,単身赴任手当,,432
,,,,消防大学校等教育負担金,,2709
,,,共済費,,,430673
,,,,県消防学校教育負担金,,2722
,,,,大型自動車運転免許試験講習参加負担金（備考 7 報償費 851）,,240
,,,,交通安全適性診断負担金,,24
,,,旅費,,,4796
,,,,ドローン免許取得講習参加負担金,,1612
,,,,"会議、研修会出席者負担金（備考 費用弁償 437 003 被服貸与費 18,604 普通旅費 944 消防吏員被服貸与 特別旅費 3,415 004 消防車両・資機材管理事業費 28,802 消防車両維持管理 車両44台）",,701
,,,需用費,,,113893
,,非常備消防,,,153857,167333
,,,報酬,,,66490
,,,報償費,,,20100
,,,,費用弁償（備考 被服貸与）,,19
,,,,普通旅費,,5
,,消防施設費,,,195051,410009
,,,旅費,,,60
,,,,"消火栓新設負担金（備考 10 需用費 5,898）",,48235
,,,,"消火栓維持管理負担金（備考 002 消防用資機材整備事業費 22,510）",,21347
,,,,消耗品費（備考 オゾン水生成機 2台）,,5898
,,,備品購入費,,,334169
,,,,負担金（備考 高規格救急自動車 2台）,,69582
,,,,"補助金（備考 水槽付消防ポンプ自動車 1台 化学消防自動車 1台 002 消防団施設整備費 33,001 001 消防団資機材整備事業費 5,839 可搬式消防ポンプ 4台 インフレータブルボート 2台 防火長靴 32足 002 消防団車両整備事業費 27,162 消防ポンプ自動車 1台）",,300
,,水防費,,,22681,15835
,,,報酬,,,4631
,,,報償費,,,11
,,防災費,,,205683,165514
,,,報酬,,,2777
教育費,,,,,13538070,17016181
,教育総務費,,,,,1302599
,,教育委員会,,,4336,5486
,,,報酬,,,3774
,,,旅費,,,142
,,,,消耗品費（備考 教育委員会運営（定例会））,,61
,,,,食糧費（備考 教育委員会外部評価検討会運営）,,20
,,,委託料,,,1268
,,,,県市町教育委員会連絡協議会負担金（備考 借料）,,82
,,,,会議、研修会出席者負担金（備考 18 負担金、補助 98 及び交付金）,,16
,,,,負担金,,98
,,事務局費,,,794585,888546
,,,報酬,,,23517
,,,職員手当等,,,259161
,,,,"管理職手当（備考 004 パートタイム会計年度任用職員 （学校教育） 5,775）",,4764
,,,,扶養手当（備考 保健室サポート員 1人）,,6996
,,,,"地域手当（備考 005 パートタイム会計年度任用職員 （学務） 3,490）",,7224
,,,,"住居手当（備考 002 管理事務局費 16,289）",,1524
,,,,通勤手当,,5089
,,学校教育指,,,199461,210131
,,,報酬,,,149724
,,,,期末手当（備考 英語指導スーパーバイザー 1人）,,790
,,,,勤勉手当（備考 外国人英語指導助手 20人）,,97
,,,共済費,,,13448
,,,旅費,,,7735
,,特別支援教,,,157100,171585
,,,報酬,,,137316
,,,職員手当等,,,6747
,,,報償費,,,1636
,,,,費用弁償（備考 特別支援教育振興）,,9197
,,,,特別旅費（備考 不登校相談支援）,,11
,,,需用費,,,1859
,,,,全日本特別支援教育連盟等負担金,,22
,,,,"全国特別支援学級設置学校長協会負担金（備考 消耗品費 1,840 その他各種団体負担金 29）",,27
,,育英奨学費,,,10098,10118
,,,報酬,,,20
,,,,補助金（備考 003 育英奨学基金積立費 138）,,9960
,,,積立金,,,138
,,教育プラザ,,,16379,16733
,,,需用費,,,5298
,,,,通信運搬費,,964
,,,,手数料,,26
,小学校費,,,,,1754884
,,小学校管理,,,762208,836508
,,,報酬,,,112218
,,,,"期末手当（備考 002 小学校運営管理費 329,322）",,22705
,,,,"勤勉手当（備考 001 小学校運営管理事業費 20,881）",,2781
,,,共済費,,,23044
,,,報償費,,,1202
,,,,費用弁償（備考 大型教材、理科教育振興法による教材整備）,,6323
,,,,"普通旅費（備考 004 各小学校運営費 274,491）",,130
,,,,特別旅費（備考 小学校26校への配当運営費 （電気、水道、電話料、図書購入費 ほか））,,6
,,小学校教育,,,339299,336946
,,,報酬,,,27659
,,小学校建設,,,1113936,581430
,,,需用費,,,284360
,中学校費,,,,,1666287
,,中学校管理,,,471576,537052
,,,報酬,,,64052
,,,,"期末手当（備考 002 中学校運営管理費 215,060）",,12966
,,,,"勤勉手当（備考 001 中学校運営管理事業費 19,855）",,1588
,,,共済費,,,13114
,,,報償費,,,1202
,,中学校教育,,,221263,221904
,,,報酬,,,15782
,,中学校建設,,,681983,907331
,,,需用費,,,282629
,,,役務費,,,2071
,,,,"手数料（備考 校舎屋上防水改修 (吉原第二中学校、大淵中学校、富士南中学校) 12 委託料 3,749 校舎外壁改修（大淵中学校））",,2071
,,,工事請負費,,,618882
,高等学校費,,,,,1102580
,,高等学校総,,,895957,1102580
,,,報酬,,,42971
,幼稚園費,,,,,1065999
,,幼稚園管理,,,367870,380392
,,,報酬,,,42023
,,幼稚園教育,,,763968,685607
,,,報償費,,,120
,,,,"研修受講履歴記録システム利用負担金（備考 002 幼稚園教育研究事業費 1,897）",,10
,,,,費用弁償（備考 大学教員による訪問指導事業）,,100
,,,,普通旅費（備考 オンライン研修事業）,,442
,,,,特別旅費（備考 教育講演会、保育研修会開催 ほか）,,386
,,,需用費,,,538
,,社会教育総,,,155015,156458
,,,報酬,,,1911
,,,職員手当等,,,50460
,社会教育費,,,,,1928450
,,生涯学習費,,,41688,45678
,,,報酬,,,15493
,,,,"期末手当（備考 001 地区生涯学習活動推進事業費 23,108）",,2985
,,,,勤勉手当（備考 まちづくりセンター講座事業 計298講座 家庭教育 14講座）,,366
,,,共済費,,,3045
,,,報償費,,,7058
,,,旅費,,,681
,,,,"費用弁償（備考 10 需用費 3,160）",,681
,,,,消耗品費,,1110
,,,,"印刷製本費（備考 12 委託料 12,740 17 備品購入費 150）",,2050
,,青少年教育,,,17759,19957
,,,報酬,,,2773
,,,,"期末手当（備考 001 １８・２０歳記念事業費 3,138）",,540
,,青少年対策,,,50735,51624
,,,報酬,,,24335
,,,,期末手当（備考 学校サポート支援員 2人）,,4083
,,,,勤勉手当（備考 青少年サポート員 2人）,,503
,,,共済費,,,4061
,,,旅費,,,1186
,,,,県電話相談機関連絡協議会負担金,,3
,,,,"消耗品費（備考 004 青少年非行防止事業費 3,563）",,273
,,,,"燃料費（備考 001 青少年指導委員活動事業費 3,563）",,3
,,,,食糧費（備考 青少年指導委員 26地区 126人）,,4
,,,,"印刷製本費（備考 005 子ども・若者育成支援事業費 12,229）",,326
,,,,"賄材料費（備考 001 子ども・若者育成支援事業費 12,229）",,20
,,,役務費,,,155
,,,,通信運搬費,,2
,,,,手数料,,8
,,,,"保険料（備考 12 委託料 12,049）",,145
,,少年自然の,,,51417,51254
,,,需用費,,,1036
,,文化振興費,,,115015,117422
,,,報酬,,,2177
,,,職員手当等,,,34969
,,,報償費,,,1216
,,文化会館費,,,683161,680625
,,,旅費,,,2
,,,,修繕料（備考 会館用地・駐車場用地借上）,,14850
,,,委託料,,,464861
,,文化財保護,,,46835,111533
,,,報酬,,,804
,,,旅費,,,789
,,,,消耗品費（備考 天然記念物樹勢調査）,,168
,,,,食糧費（備考 左富士の松剪定）,,15
,,,,印刷製本費,,522
,,,,文化財保存事業費補助金（備考 修繕料 377 （木島のナゲダイマツ保存活動、 大北のカワカンジー保存活動、 鵜無ケ淵神明宮の御神楽保存活動） 11 役務費 152）,,450
,,,,県文化財保存協会負担金（備考 002 六所家建造物保存事業費 149）,,5
,,,,通信運搬費（備考 旧東泉院宝蔵管理）,,150
,,,,"手数料（備考 003 文化財保護事業費 106,637）",,2
,,,委託料,,,19027
,,文化財発掘,,,60546,63790
,,,報酬,,,18700
,,,,期末手当（備考 開発等に伴う埋蔵文化財確認調査）,,3294
,,,,勤勉手当,,404
,,,,高所作業車運転技能講習参加者負担金,,46
,,,共済費,,,3943
,,,旅費,,,1267
,,,,消耗品費,,568
,,,,燃料費,,79
,,,,食糧費,,2
,,,,印刷製本費,,2342
,,博物館費,,,99252,94740
,,,報酬,,,10901
,,,職員手当等,,,13945
,,図書館費,,,542331,535369
,,,報酬,,,113955
,,,職員手当等,,,78069
,,,,扶養手当（備考 今泉分室 3人 図書貸出）,,1796
,,,,地域手当（備考 田子浦分室 3人 図書貸出）,,3202
,,,,住居手当（備考 大淵分室 3人 図書貸出）,,881
,,,,通勤手当（備考 富士川分室 3人 図書貸出）,,2372
,,,,時間外勤務手（備考 西図書館 9人 図書貸出 当 東図書館 6人 図書貸出）,,4772
,,,,休日勤務手当（備考 富士文庫 5人 図書貸出）,,1000
,,,,期末手当（備考 でごいち文庫 4人 図書貸出）,,41185
,,,,勤勉手当（備考 計 66人）,,20195
,,,共済費,,,52288
,,,旅費,,,4902
,,,,費用弁償（備考 003 図書館利用促進事業費 442）,,4783
,体育保健費,,,,,8195382
,,体育振興費,,,63528,84645
,,,報酬,,,5828
,,,職員手当等,,,19873
,,体育施設費,,,524657,841640
,,,報酬,,,40
,,,,"費用弁償（備考 001 体育施設管理事業費 1,479）",,22
,,,,特別旅費（備考 東部スポーツ広場駐車場借上）,,34
,,,需用費,,,90917
,,,,手数料（備考 東球場バックスクリーン改修）,,479
,,,委託料,,,381097
,,,備品購入費,,,26250
,,総合体育館,,,1858300,4670659
,,,旅費,,,24
,,,委託料,,,49300
,,保健費,,,135431,136076
,,,報酬,,,45721
,,,,"普通旅費（備考 002 学校保健費 90,355）",,3
,,,需用費,,,2185
,,学校給食費,,,2292381,2462362
,,,報酬,,,296702
,,,職員手当等,,,225925
災害復旧費,,,,,36000,52000
,農林水産業施設災害復旧費,,,,,6000
,,農業施設災,,,2000,2000
,,,需用費,,,500
,,林業施設災,,,4000,4000
,,,委託料,,,1
,土木施設災害復旧費,,,,,46000
,,土木管理施,,,20000,36000
,,,工事請負費,,,36000
,,,委託料,,,1000
,,河川災害復,,,4000,4000
,,,委託料,,,1000
公債費,,,,,6939144,7242167
,公債費,,,,,7242167
,,元金,,,6706662,6976323
,,,償還金、利子,,,6976323
,,利子,,,232370,265732
,,,償還金、利子,,,265732
,,公債諸費,,,112,112
,,,旅費,,,13
,,,,普通旅費（備考 10 需用費 11）,,13
,,,,消耗品費（備考 12 委託料 88）,,11
諸支出金,,,,,100,100
,普通財産取得費,,,,,100
,,土地取得費,,,100,100
,,,公有財産購入,,,100
予備費,,,,,100000,100000
,予備費,,,,,100000
,,予備費,,,100000,100000
